outcome	duration	package	binary_id	test	filter	package_sample_default	package_sample_long	category	followup_task	evidence_scope
FAIL	0.065s	astersql-br-pkg-restore-snap-client	astersql-br-pkg-restore-snap-client	pipeline_items_test::test_pipeline_concurrent_handler_2	binary_id(=astersql-br-pkg-restore-snap-client) & test(=pipeline_items_test::test_pipeline_concurrent_handler_2)	default_serial_pass	not_needed	resource_contention_or_budget_boundary	8	one_exact_test_per_failure_package
TIMEOUT	10.006s	astersql-br-pkg-restore-snap-client	astersql-br-pkg-restore-snap-client	import_test::test_download_retry_preserves_uuid_for_all_rpc_modes	binary_id(=astersql-br-pkg-restore-snap-client) & test(=import_test::test_download_retry_preserves_uuid_for_all_rpc_modes)	default_serial_pass	not_needed	resource_contention_or_budget_boundary	8	one_exact_test_per_failure_package
TIMEOUT	10.012s	astersql-br-pkg-utils	astersql-br-pkg-utils	backoff_test::test_constant_backoff	binary_id(=astersql-br-pkg-utils) & test(=backoff_test::test_constant_backoff)	default_serial_pass	not_needed	resource_contention_or_budget_boundary	8	one_exact_test_per_failure_package
TIMEOUT	10.009s	astersql-br-pkg-utils	astersql-br-pkg-utils	backoff_test::test_new_download_sst_backoffer_with_cancel	binary_id(=astersql-br-pkg-utils) & test(=backoff_test::test_new_download_sst_backoffer_with_cancel)	default_serial_pass	not_needed	resource_contention_or_budget_boundary	8	one_exact_test_per_failure_package
TIMEOUT	10.006s	astersql-br-pkg-utils	astersql-br-pkg-utils	progress_test::test_progress	binary_id(=astersql-br-pkg-utils) & test(=progress_test::test_progress)	default_serial_pass	not_needed	resource_contention_or_budget_boundary	8	one_exact_test_per_failure_package
TIMEOUT	10.030s	astersql-ddl-tests-partition	astersql-ddl-tests-partition	exchange_partition_test::test_exchange_range_columns_partition	binary_id(=astersql-ddl-tests-partition) & test(=exchange_partition_test::test_exchange_range_columns_partition)	default_serial_timeout	long_budget_pass	completes_in_10_to_60_seconds	8	one_exact_test_per_failure_package
FAIL	0.509s	astersql-errors	astersql-errors::example_test	example_stack_trace	binary_id(=astersql-errors::example_test) & test(=example_stack_trace)	stable_failure	not_needed	stable_assertion_or_environment_failure	3	one_exact_test_per_failure_package
FAIL	0.735s	astersql-errors	astersql-errors::format_test	all_source_format_cases_have_rust_equivalents	binary_id(=astersql-errors::format_test) & test(=all_source_format_cases_have_rust_equivalents)	stable_failure	not_needed	stable_assertion_or_environment_failure	3	one_exact_test_per_failure_package
FAIL	0.747s	astersql-errors	astersql-errors::stack_test	frame_and_stack_trace_match_go_semantics	binary_id(=astersql-errors::stack_test) & test(=frame_and_stack_trace_match_go_semantics)	stable_failure	not_needed	stable_assertion_or_environment_failure	3	one_exact_test_per_failure_package
FAIL	0.712s	astersql-errors	astersql-errors::wrap_test	wrappers_preserve_cause_context_and_stack	binary_id(=astersql-errors::wrap_test) & test(=wrappers_preserve_cause_context_and_stack)	stable_failure	not_needed	stable_assertion_or_environment_failure	3	one_exact_test_per_failure_package
FAIL	7.584s	astersql-dxf-importinto	astersql-dxf-importinto	scheduler_test::registered_import_scheduler_reuses_encode_runtime_services	binary_id(=astersql-dxf-importinto) & test(=scheduler_test::registered_import_scheduler_reuses_encode_runtime_services)	stable_failure	not_needed	stable_assertion_or_environment_failure	8	one_exact_test_per_failure_package
TIMEOUT	10.024s	astersql-executor	astersql-executor	show_stats_test::TestShowAnalyzeStatus	binary_id(=astersql-executor) & test(=show_stats_test::TestShowAnalyzeStatus)	default_serial_pass	not_needed	resource_contention_or_budget_boundary	8	one_exact_test_per_failure_package
TIMEOUT	10.006s	astersql-executor-importer	astersql-executor-importer	precheck_test::requirements_reject_enabled_ttl_before_external_checks_in_both_entrypoints	binary_id(=astersql-executor-importer) & test(=precheck_test::requirements_reject_enabled_ttl_before_external_checks_in_both_entrypoints)	default_serial_timeout	long_budget_pass	completes_in_10_to_60_seconds	8	one_exact_test_per_failure_package
TIMEOUT	10.013s	astersql-executor-test-analyzetest	astersql-executor-test-analyzetest	analyze_test::analyze_snapshot_modes_update_stats_metadata	binary_id(=astersql-executor-test-analyzetest) & test(=analyze_test::analyze_snapshot_modes_update_stats_metadata)	default_serial_pass	not_needed	resource_contention_or_budget_boundary	8	one_exact_test_per_failure_package
TIMEOUT	10.009s	astersql-executor-test-analyzetest-columns	astersql-executor-test-analyzetest-columns	analyze_columns_with_test::TestAnalyzeColumnsWithClusteredIndex	binary_id(=astersql-executor-test-analyzetest-columns) & test(=analyze_columns_with_test::TestAnalyzeColumnsWithClusteredIndex)	default_serial_pass	not_needed	resource_contention_or_budget_boundary	8	one_exact_test_per_failure_package
TIMEOUT	10.008s	astersql-executor-test-analyzetest-columns	astersql-executor-test-analyzetest-columns	analyze_columns_with_test::TestAnalyzeColumnsWithIndex	binary_id(=astersql-executor-test-analyzetest-columns) & test(=analyze_columns_with_test::TestAnalyzeColumnsWithIndex)	default_serial_pass	not_needed	resource_contention_or_budget_boundary	8	one_exact_test_per_failure_package
TIMEOUT	10.008s	astersql-executor-test-analyzetest-columns	astersql-executor-test-analyzetest-columns	analyze_columns_with_test::TestAnalyzeColumnsWithDynamicPartitionTable	binary_id(=astersql-executor-test-analyzetest-columns) & test(=analyze_columns_with_test::TestAnalyzeColumnsWithDynamicPartitionTable)	default_serial_pass	not_needed	resource_contention_or_budget_boundary	8	one_exact_test_per_failure_package
TIMEOUT	10.025s	astersql-executor-test-analyzetest-columns	astersql-executor-test-analyzetest-columns	analyze_columns_with_test::TestAnalyzeColumnsWithPrimaryKey	binary_id(=astersql-executor-test-analyzetest-columns) & test(=analyze_columns_with_test::TestAnalyzeColumnsWithPrimaryKey)	default_serial_pass	not_needed	resource_contention_or_budget_boundary	8	one_exact_test_per_failure_package
TIMEOUT	10.012s	astersql-executor-test-analyzetest-columns	astersql-executor-test-analyzetest-columns	analyze_columns_with_test::TestAnalyzeColumnsWithStaticPartitionTable	binary_id(=astersql-executor-test-analyzetest-columns) & test(=analyze_columns_with_test::TestAnalyzeColumnsWithStaticPartitionTable)	default_serial_pass	not_needed	resource_contention_or_budget_boundary	8	one_exact_test_per_failure_package
TIMEOUT	10.017s	astersql-executor-test-analyzetest-columns	astersql-executor-test-analyzetest-columns	analyze_columns_with_test::TestAnalyzeColumnsWithVirtualColumnIndex	binary_id(=astersql-executor-test-analyzetest-columns) & test(=analyze_columns_with_test::TestAnalyzeColumnsWithVirtualColumnIndex)	default_serial_pass	not_needed	resource_contention_or_budget_boundary	8	one_exact_test_per_failure_package
TIMEOUT	10.010s	astersql-executor-test-autoidtest	astersql-executor-test-autoidtest	autoid_test::TestInsertWithAutoidSchema	binary_id(=astersql-executor-test-autoidtest) & test(=autoid_test::TestInsertWithAutoidSchema)	default_serial_pass	not_needed	resource_contention_or_budget_boundary	8	one_exact_test_per_failure_package
TIMEOUT	10.014s	astersql-executor-test-cte	astersql-executor-test-cte	cte_test::test_cte_exec_error_reports_integer_overflow	binary_id(=astersql-executor-test-cte) & test(=cte_test::test_cte_exec_error_reports_integer_overflow)	default_serial_timeout	long_budget_pass	completes_in_10_to_60_seconds	8	one_exact_test_per_failure_package
TIMEOUT	10.034s	astersql-executor-test-cte	astersql-executor-test-cte	cte_test::test_cte_share_correlated_column_with_both_hash_join_build_sides	binary_id(=astersql-executor-test-cte) & test(=cte_test::test_cte_share_correlated_column_with_both_hash_join_build_sides)	default_serial_timeout	long_budget_pass	completes_in_10_to_60_seconds	8	one_exact_test_per_failure_package
TIMEOUT	10.013s	astersql-executor-test-distsqltest	astersql-executor-test-distsqltest	distsql_test::TestDistSQLSharedKVRequestRace	binary_id(=astersql-executor-test-distsqltest) & test(=distsql_test::TestDistSQLSharedKVRequestRace)	default_serial_timeout	long_budget_pass	completes_in_10_to_60_seconds	8	one_exact_test_per_failure_package
TIMEOUT	10.022s	astersql-executor-test-fktest	astersql-executor-test-fktest	foreign_key_test::TestForeignKeyCheckAndLock	binary_id(=astersql-executor-test-fktest) & test(=foreign_key_test::TestForeignKeyCheckAndLock)	default_serial_pass	not_needed	resource_contention_or_budget_boundary	8	one_exact_test_per_failure_package
TIMEOUT	10.010s	astersql-executor-test-fktest	astersql-executor-test-fktest	foreign_key_test::TestForeignKeyOnDeleteCascade2	binary_id(=astersql-executor-test-fktest) & test(=foreign_key_test::TestForeignKeyOnDeleteCascade2)	default_serial_pass	not_needed	resource_contention_or_budget_boundary	8	one_exact_test_per_failure_package
TIMEOUT	10.015s	astersql-executor-test-fktest	astersql-executor-test-fktest	foreign_key_test::TestForeignKeyOnDeleteSetNull2	binary_id(=astersql-executor-test-fktest) & test(=foreign_key_test::TestForeignKeyOnDeleteSetNull2)	default_serial_pass	not_needed	resource_contention_or_budget_boundary	8	one_exact_test_per_failure_package
TIMEOUT	10.036s	astersql-executor-test-fktest	astersql-executor-test-fktest	foreign_key_test::TestForeignKeyOnInsertDuplicateUpdateChildTable	binary_id(=astersql-executor-test-fktest) & test(=foreign_key_test::TestForeignKeyOnInsertDuplicateUpdateChildTable)	default_serial_pass	not_needed	resource_contention_or_budget_boundary	8	one_exact_test_per_failure_package
TIMEOUT	10.023s	astersql-executor-test-fktest	astersql-executor-test-fktest	foreign_key_test::TestForeignKeyOnUpdateCascade2	binary_id(=astersql-executor-test-fktest) & test(=foreign_key_test::TestForeignKeyOnUpdateCascade2)	default_serial_pass	not_needed	resource_contention_or_budget_boundary	8	one_exact_test_per_failure_package
TIMEOUT	10.010s	astersql-executor-test-indexmergereadtest	astersql-executor-test-indexmergereadtest	index_merge_reader_test::index_merge_order_by_limit_matches_index_reference	binary_id(=astersql-executor-test-indexmergereadtest) & test(=index_merge_reader_test::index_merge_order_by_limit_matches_index_reference)	default_serial_pass	not_needed	resource_contention_or_budget_boundary	8	one_exact_test_per_failure_package
TIMEOUT	10.010s	astersql-executor-test-jointest	astersql-executor-test-jointest	join_test::test_null_empty_aware_semi_join	binary_id(=astersql-executor-test-jointest) & test(=join_test::test_null_empty_aware_semi_join)	default_serial_pass	not_needed	resource_contention_or_budget_boundary	8	one_exact_test_per_failure_package
TIMEOUT	10.021s	astersql-executor-test-jointest	astersql-executor-test-jointest	join_test::test_single_task_incremental_index_hash_join	binary_id(=astersql-executor-test-jointest) & test(=join_test::test_single_task_incremental_index_hash_join)	default_serial_pass	not_needed	resource_contention_or_budget_boundary	8	one_exact_test_per_failure_package
FAIL	6.841s	astersql-executor-test-loadremotetest	astersql-executor-test-loadremotetest	error_test::test_data_errors_and_duplicate_modes	binary_id(=astersql-executor-test-loadremotetest) & test(=error_test::test_data_errors_and_duplicate_modes)	stable_failure	not_needed	stable_assertion_or_environment_failure	4	one_exact_test_per_failure_package
TIMEOUT	10.013s	astersql-executor-test-plancache	astersql-executor-test-plancache	plan_cache_test::prepared_cte_remains_inline_after_unrelated_ddl	binary_id(=astersql-executor-test-plancache) & test(=plan_cache_test::prepared_cte_remains_inline_after_unrelated_ddl)	default_serial_pass	not_needed	resource_contention_or_budget_boundary	8	one_exact_test_per_failure_package
TIMEOUT	10.010s	astersql-executor-test-seqtest	astersql-executor-test-seqtest	prepared_test::test_prepare_with_aggregation	binary_id(=astersql-executor-test-seqtest) & test(=prepared_test::test_prepare_with_aggregation)	default_serial_pass	not_needed	resource_contention_or_budget_boundary	8	one_exact_test_per_failure_package
TIMEOUT	10.150s	astersql-executor-test-seqtest	astersql-executor-test-seqtest	prepared_test::test_prepared	binary_id(=astersql-executor-test-seqtest) & test(=prepared_test::test_prepared)	default_serial_pass	not_needed	resource_contention_or_budget_boundary	8	one_exact_test_per_failure_package
TIMEOUT	10.023s	astersql-executor-test-seqtest	astersql-executor-test-seqtest	prepared_test::test_prepared_delete	binary_id(=astersql-executor-test-seqtest) & test(=prepared_test::test_prepared_delete)	default_serial_pass	not_needed	resource_contention_or_budget_boundary	8	one_exact_test_per_failure_package
TIMEOUT	10.017s	astersql-executor-test-seqtest	astersql-executor-test-seqtest	prepared_test::test_prepared_insert	binary_id(=astersql-executor-test-seqtest) & test(=prepared_test::test_prepared_insert)	default_serial_pass	not_needed	resource_contention_or_budget_boundary	8	one_exact_test_per_failure_package
TIMEOUT	10.059s	astersql-executor-test-seqtest	astersql-executor-test-seqtest	prepared_test::test_prepared_issue8153	binary_id(=astersql-executor-test-seqtest) & test(=prepared_test::test_prepared_issue8153)	default_serial_pass	not_needed	resource_contention_or_budget_boundary	8	one_exact_test_per_failure_package
TIMEOUT	10.011s	astersql-executor-test-seqtest	astersql-executor-test-seqtest	prepared_test::test_prepared_limit_offset	binary_id(=astersql-executor-test-seqtest) & test(=prepared_test::test_prepared_limit_offset)	default_serial_pass	not_needed	resource_contention_or_budget_boundary	8	one_exact_test_per_failure_package
TIMEOUT	10.008s	astersql-executor-test-seqtest	astersql-executor-test-seqtest	prepared_test::test_prepared_update	binary_id(=astersql-executor-test-seqtest) & test(=prepared_test::test_prepared_update)	default_serial_pass	not_needed	resource_contention_or_budget_boundary	8	one_exact_test_per_failure_package
FAIL	8.423s	astersql-executor-test-writetest	astersql-executor-test-writetest	write_test::TestInsertIgnore	binary_id(=astersql-executor-test-writetest) & test(=write_test::TestInsertIgnore)	stable_failure	not_needed	stable_assertion_or_environment_failure	4	one_exact_test_per_failure_package
TIMEOUT	10.011s	astersql-executor-test-unstabletest	astersql-executor-test-unstabletest	memory_test::pb_memory_leak_scans_release_result_sets	binary_id(=astersql-executor-test-unstabletest) & test(=memory_test::pb_memory_leak_scans_release_result_sets)	default_serial_timeout	long_budget_pass	completes_in_10_to_60_seconds	8	one_exact_test_per_failure_package
TIMEOUT	10.017s	astersql-expression-integration_test	astersql-expression-integration_test	integration_part1_aster_unit_test::TestVectorDefaultValue	binary_id(=astersql-expression-integration_test) & test(=integration_part1_aster_unit_test::TestVectorDefaultValue)	default_serial_pass	not_needed	resource_contention_or_budget_boundary	8	one_exact_test_per_failure_package
TIMEOUT	10.084s	astersql-expression-integration_test	astersql-expression-integration_test	integration_part1_aster_unit_test::TestVectorLong	binary_id(=astersql-expression-integration_test) & test(=integration_part1_aster_unit_test::TestVectorLong)	default_serial_pass	not_needed	resource_contention_or_budget_boundary	8	one_exact_test_per_failure_package
TIMEOUT	10.014s	astersql-expression-integration_test	astersql-expression-integration_test	integration_part1_aster_unit_test::TestVectorSearchExtractProj	binary_id(=astersql-expression-integration_test) & test(=integration_part1_aster_unit_test::TestVectorSearchExtractProj)	default_serial_pass	not_needed	resource_contention_or_budget_boundary	8	one_exact_test_per_failure_package
TIMEOUT	10.042s	astersql-expression-integration_test	astersql-expression-integration_test	integration_part2_aster_unit_test::TestEnumIndex	binary_id(=astersql-expression-integration_test) & test(=integration_part2_aster_unit_test::TestEnumIndex)	default_serial_pass	not_needed	resource_contention_or_budget_boundary	8	one_exact_test_per_failure_package
TIMEOUT	10.006s	astersql-expression-integration_test	astersql-expression-integration_test	integration_part3_aster_unit_test::TestPreparePlanCacheOnCachedTable	binary_id(=astersql-expression-integration_test) & test(=integration_part3_aster_unit_test::TestPreparePlanCacheOnCachedTable)	default_serial_pass	not_needed	resource_contention_or_budget_boundary	8	one_exact_test_per_failure_package
TIMEOUT	10.009s	astersql-lightning-mydump	astersql-lightning-mydump	schema_import_test::TestSchemaImporterManyTables	binary_id(=astersql-lightning-mydump) & test(=schema_import_test::TestSchemaImporterManyTables)	default_serial_pass	not_needed	resource_contention_or_budget_boundary	8	one_exact_test_per_failure_package
TIMEOUT	10.007s	astersql-objstore	astersql-objstore	azblob_test::test_copy_object	binary_id(=astersql-objstore) & test(=azblob_test::test_copy_object)	default_serial_timeout	long_budget_pass	completes_in_10_to_60_seconds	8	one_exact_test_per_failure_package
FAIL	0.542s	astersql-parser-terror	astersql-parser-terror	parser_terror_test::test_trace_and_location	binary_id(=astersql-parser-terror) & test(=parser_terror_test::test_trace_and_location)	stable_failure	not_needed	stable_assertion_or_environment_failure	3	one_exact_test_per_failure_package
FAIL	0.095s	astersql-planner-core	astersql-planner-core	enforce_mpp_test::approx_count_distinct_without_group_by_builds_two_phase_stream_agg	binary_id(=astersql-planner-core) & test(=enforce_mpp_test::approx_count_distinct_without_group_by_builds_two_phase_stream_agg)	stable_failure	not_needed	stable_assertion_or_environment_failure	2	one_exact_test_per_failure_package
FAIL	0.248s	astersql-planner-core	astersql-planner-core	cbo_test::all_go_optimizer_workloads_build_ranges_and_run_canonical_optimizer	binary_id(=astersql-planner-core) & test(=cbo_test::all_go_optimizer_workloads_build_ranges_and_run_canonical_optimizer)	stable_failure	not_needed	stable_assertion_or_environment_failure	2	one_exact_test_per_failure_package
FAIL	0.069s	astersql-planner-core	astersql-planner-core	integration_test::common_handle_secondary_index_range_planning	binary_id(=astersql-planner-core) & test(=integration_test::common_handle_secondary_index_range_planning)	stable_failure	not_needed	stable_assertion_or_environment_failure	2	one_exact_test_per_failure_package
FAIL	0.085s	astersql-planner-core	astersql-planner-core	integration_test::go_merge_46_sql_mpp_null_eq_hash_join_is_selected	binary_id(=astersql-planner-core) & test(=integration_test::go_merge_46_sql_mpp_null_eq_hash_join_is_selected)	stable_failure	not_needed	stable_assertion_or_environment_failure	2	one_exact_test_per_failure_package
FAIL	0.090s	astersql-planner-core	astersql-planner-core	integration_test::go_merge_46_sql_prefixed_common_handle_keeps_range_dimensions	binary_id(=astersql-planner-core) & test(=integration_test::go_merge_46_sql_prefixed_common_handle_keeps_range_dimensions)	stable_failure	not_needed	stable_assertion_or_environment_failure	2	one_exact_test_per_failure_package
FAIL	0.070s	astersql-planner-core	astersql-planner-core	integration_test::go_merge_46_sql_virtual_column_index_uses_composite_range	binary_id(=astersql-planner-core) & test(=integration_test::go_merge_46_sql_virtual_column_index_uses_composite_range)	stable_failure	not_needed	stable_assertion_or_environment_failure	2	one_exact_test_per_failure_package
FAIL	0.068s	astersql-planner-core	astersql-planner-core	integration_test::insert_values_scalar_subquery_preserves_source_select_privilege	binary_id(=astersql-planner-core) & test(=integration_test::insert_values_scalar_subquery_preserves_source_select_privilege)	stable_failure	not_needed	stable_assertion_or_environment_failure	2	one_exact_test_per_failure_package
FAIL	0.074s	astersql-planner-core	astersql-planner-core	integration_test::index_lookup_only_embeds_limit_without_table_filters	binary_id(=astersql-planner-core) & test(=integration_test::index_lookup_only_embeds_limit_without_table_filters)	stable_failure	not_needed	stable_assertion_or_environment_failure	2	one_exact_test_per_failure_package
FAIL	0.078s	astersql-planner-core	astersql-planner-core	integration_test::index_range_rebuild_keeps_non_index_predicates_on_table_side	binary_id(=astersql-planner-core) & test(=integration_test::index_range_rebuild_keeps_non_index_predicates_on_table_side)	stable_failure	not_needed	stable_assertion_or_environment_failure	2	one_exact_test_per_failure_package
FAIL	0.077s	astersql-planner-core	astersql-planner-core	integration_test::mpp_full_outer_join_uses_shuffle_and_preserves_side_conditions	binary_id(=astersql-planner-core) & test(=integration_test::mpp_full_outer_join_uses_shuffle_and_preserves_side_conditions)	stable_failure	not_needed	stable_assertion_or_environment_failure	2	one_exact_test_per_failure_package
FAIL	0.082s	astersql-planner-core	astersql-planner-core	integration_test::ordered_table_limit_uses_expected_scan_count	binary_id(=astersql-planner-core) & test(=integration_test::ordered_table_limit_uses_expected_scan_count)	stable_failure	not_needed	stable_assertion_or_environment_failure	2	one_exact_test_per_failure_package
FAIL	0.118s	astersql-planner-core	astersql-planner-core	integration_test::signed_handle_ranges_keep_bounds_and_credit_point_predicates	binary_id(=astersql-planner-core) & test(=integration_test::signed_handle_ranges_keep_bounds_and_credit_point_predicates)	stable_failure	not_needed	stable_assertion_or_environment_failure	2	one_exact_test_per_failure_package
FAIL	0.086s	astersql-planner-core	astersql-planner-core	integration_test::test_agg_with_json_push_down_to_ti_flash	binary_id(=astersql-planner-core) & test(=integration_test::test_agg_with_json_push_down_to_ti_flash)	stable_failure	not_needed	stable_assertion_or_environment_failure	2	one_exact_test_per_failure_package
FAIL	0.114s	astersql-planner-core	astersql-planner-core	integration_test::test_agg_push_to_cop_for_cached_table	binary_id(=astersql-planner-core) & test(=integration_test::test_agg_push_to_cop_for_cached_table)	stable_failure	not_needed	stable_assertion_or_environment_failure	2	one_exact_test_per_failure_package
FAIL	0.117s	astersql-planner-core	astersql-planner-core	integration_test::test_agg_push_down_engine	binary_id(=astersql-planner-core) & test(=integration_test::test_agg_push_down_engine)	stable_failure	not_needed	stable_assertion_or_environment_failure	2	one_exact_test_per_failure_package
FAIL	0.069s	astersql-planner-core	astersql-planner-core	integration_test::test_correlated_scalar_subquery	binary_id(=astersql-planner-core) & test(=integration_test::test_correlated_scalar_subquery)	stable_failure	not_needed	stable_assertion_or_environment_failure	2	one_exact_test_per_failure_package
FAIL	0.072s	astersql-planner-core	astersql-planner-core	integration_test::test_cor_col_eq_provides_index_order	binary_id(=astersql-planner-core) & test(=integration_test::test_cor_col_eq_provides_index_order)	stable_failure	not_needed	stable_assertion_or_environment_failure	2	one_exact_test_per_failure_package
FAIL	0.088s	astersql-planner-core	astersql-planner-core	integration_test::test_cor_col_range_with_range_max_size	binary_id(=astersql-planner-core) & test(=integration_test::test_cor_col_range_with_range_max_size)	stable_failure	not_needed	stable_assertion_or_environment_failure	2	one_exact_test_per_failure_package
FAIL	0.102s	astersql-planner-core	astersql-planner-core	integration_test::test_cor_col_range_predicate_access	binary_id(=astersql-planner-core) & test(=integration_test::test_cor_col_range_predicate_access)	stable_failure	not_needed	stable_assertion_or_environment_failure	2	one_exact_test_per_failure_package
FAIL	0.075s	astersql-planner-core	astersql-planner-core	integration_test::test_hypo_index_hint_missing_columns	binary_id(=astersql-planner-core) & test(=integration_test::test_hypo_index_hint_missing_columns)	stable_failure	not_needed	stable_assertion_or_environment_failure	2	one_exact_test_per_failure_package
FAIL	0.080s	astersql-planner-core	astersql-planner-core	integration_test::test_hypo_index_hint	binary_id(=astersql-planner-core) & test(=integration_test::test_hypo_index_hint)	stable_failure	not_needed	stable_assertion_or_environment_failure	2	one_exact_test_per_failure_package
FAIL	0.078s	astersql-planner-core	astersql-planner-core	integration_test::test_hypo_index_hint_unknown_column	binary_id(=astersql-planner-core) & test(=integration_test::test_hypo_index_hint_unknown_column)	stable_failure	not_needed	stable_assertion_or_environment_failure	2	one_exact_test_per_failure_package
FAIL	0.074s	astersql-planner-core	astersql-planner-core	integration_test::test_hypo_index_hint_unknown_table	binary_id(=astersql-planner-core) & test(=integration_test::test_hypo_index_hint_unknown_table)	stable_failure	not_needed	stable_assertion_or_environment_failure	2	one_exact_test_per_failure_package
FAIL	0.090s	astersql-planner-core	astersql-planner-core	integration_test::test_hypo_index_hint_unknown_schema	binary_id(=astersql-planner-core) & test(=integration_test::test_hypo_index_hint_unknown_schema)	stable_failure	not_needed	stable_assertion_or_environment_failure	2	one_exact_test_per_failure_package
FAIL	0.084s	astersql-planner-core	astersql-planner-core	integration_test::test_issue41458	binary_id(=astersql-planner-core) & test(=integration_test::test_issue41458)	stable_failure	not_needed	stable_assertion_or_environment_failure	2	one_exact_test_per_failure_package
FAIL	0.078s	astersql-planner-core	astersql-planner-core	integration_test::test_issue54213	binary_id(=astersql-planner-core) & test(=integration_test::test_issue54213)	stable_failure	not_needed	stable_assertion_or_environment_failure	2	one_exact_test_per_failure_package
FAIL	0.078s	astersql-planner-core	astersql-planner-core	integration_test::test_issue66619	binary_id(=astersql-planner-core) & test(=integration_test::test_issue66619)	stable_failure	not_needed	stable_assertion_or_environment_failure	2	one_exact_test_per_failure_package
FAIL	0.081s	astersql-planner-core	astersql-planner-core	integration_test::test_partition_pruning_for_eq	binary_id(=astersql-planner-core) & test(=integration_test::test_partition_pruning_for_eq)	stable_failure	not_needed	stable_assertion_or_environment_failure	2	one_exact_test_per_failure_package
FAIL	0.070s	astersql-planner-core	astersql-planner-core	integration_test::test_plan_cache_for_index_range_fallback	binary_id(=astersql-planner-core) & test(=integration_test::test_plan_cache_for_index_range_fallback)	stable_failure	not_needed	stable_assertion_or_environment_failure	2	one_exact_test_per_failure_package
FAIL	0.074s	astersql-planner-core	astersql-planner-core	integration_test::test_plan_cache_for_index_join_range_fallback	binary_id(=astersql-planner-core) & test(=integration_test::test_plan_cache_for_index_join_range_fallback)	stable_failure	not_needed	stable_assertion_or_environment_failure	2	one_exact_test_per_failure_package
FAIL	0.090s	astersql-planner-core	astersql-planner-core	integration_test::unsigned_handle_predicates_keep_declared_index_ranges_and_counts	binary_id(=astersql-planner-core) & test(=integration_test::unsigned_handle_predicates_keep_declared_index_ranges_and_counts)	stable_failure	not_needed	stable_assertion_or_environment_failure	2	one_exact_test_per_failure_package
TIMEOUT	10.007s	astersql-parser	astersql-parser	parser_impl::lexer_support::parsergen_baseline_aster_unit_test::parsergen_main_tables_match_rust_baseline	binary_id(=astersql-parser) & test(=parser_impl::lexer_support::parsergen_baseline_aster_unit_test::parsergen_main_tables_match_rust_baseline)	default_serial_timeout	exceeds_60s	exceeds_60_seconds	10	one_exact_test_per_failure_package
FAIL	0.090s	astersql-planner-core	astersql-planner-core	logical_plans_test::test_plan_builder_fixture	binary_id(=astersql-planner-core) & test(=logical_plans_test::test_plan_builder_fixture)	stable_failure	not_needed	stable_assertion_or_environment_failure	2	one_exact_test_per_failure_package
FAIL	0.097s	astersql-planner-core	astersql-planner-core	logical_plans_test::unique_key_and_delete_fixtures_are_typed_and_reach_real_planner_paths	binary_id(=astersql-planner-core) & test(=logical_plans_test::unique_key_and_delete_fixtures_are_typed_and_reach_real_planner_paths)	stable_failure	not_needed	stable_assertion_or_environment_failure	2	one_exact_test_per_failure_package
FAIL	0.123s	astersql-planner-core	astersql-planner-core	main_test::full_outer_join_sql_build_and_probe_hints_reach_physical_candidates	binary_id(=astersql-planner-core) & test(=main_test::full_outer_join_sql_build_and_probe_hints_reach_physical_candidates)	stable_failure	not_needed	stable_assertion_or_environment_failure	2	one_exact_test_per_failure_package
FAIL	0.128s	astersql-planner-core	astersql-planner-core	main_test::full_outer_join_preserves_on_side_filters_and_nullable_full_schema	binary_id(=astersql-planner-core) & test(=main_test::full_outer_join_preserves_on_side_filters_and_nullable_full_schema)	stable_failure	not_needed	stable_assertion_or_environment_failure	2	one_exact_test_per_failure_package
FAIL	0.105s	astersql-planner-core	astersql-planner-core	main_test::go_merge_46_full_join_enabled_builds_logical_and_hash_plan	binary_id(=astersql-planner-core) & test(=main_test::go_merge_46_full_join_enabled_builds_logical_and_hash_plan)	stable_failure	not_needed	stable_assertion_or_environment_failure	2	one_exact_test_per_failure_package
FAIL	0.079s	astersql-planner-core	astersql-planner-core	main_test::go_merge_46_full_join_tail_scan_increases_both_cost_models	binary_id(=astersql-planner-core) & test(=main_test::go_merge_46_full_join_tail_scan_increases_both_cost_models)	stable_failure	not_needed	stable_assertion_or_environment_failure	2	one_exact_test_per_failure_package
FAIL	0.087s	astersql-planner-core	astersql-planner-core	main_test::go_merge_46_unsupported_join_hints_warn	binary_id(=astersql-planner-core) & test(=main_test::go_merge_46_unsupported_join_hints_warn)	stable_failure	not_needed	stable_assertion_or_environment_failure	2	one_exact_test_per_failure_package
FAIL	0.084s	astersql-planner-core	astersql-planner-core	physical_plan_test::builds_real_physical_plans_for_scan_join_and_aggregation	binary_id(=astersql-planner-core) & test(=physical_plan_test::builds_real_physical_plans_for_scan_join_and_aggregation)	stable_failure	not_needed	stable_assertion_or_environment_failure	2	one_exact_test_per_failure_package
FAIL	0.080s	astersql-planner-core	astersql-planner-core	physical_plan_test::physical_plan_memory_tracks_dynamic_fields	binary_id(=astersql-planner-core) & test(=physical_plan_test::physical_plan_memory_tracks_dynamic_fields)	stable_failure	not_needed	stable_assertion_or_environment_failure	2	one_exact_test_per_failure_package
FAIL	0.081s	astersql-planner-core	astersql-planner-core	physical_plan_test::subquery_and_join_hints_use_the_production_pipeline	binary_id(=astersql-planner-core) & test(=physical_plan_test::subquery_and_join_hints_use_the_production_pipeline)	stable_failure	not_needed	stable_assertion_or_environment_failure	2	one_exact_test_per_failure_package
FAIL	0.086s	astersql-planner-core	astersql-planner-core	planbuilder_test::parser_backed_builder_handles_core_statement_shapes	binary_id(=astersql-planner-core) & test(=planbuilder_test::parser_backed_builder_handles_core_statement_shapes)	stable_failure	not_needed	stable_assertion_or_environment_failure	2	one_exact_test_per_failure_package
TIMEOUT	10.004s	astersql-parsergen	astersql-parsergen	generate_aster_unit_test::committed_outputs_match_current_grammars	binary_id(=astersql-parsergen) & test(=generate_aster_unit_test::committed_outputs_match_current_grammars)	default_serial_timeout	exceeds_60s	exceeds_60_seconds	10	one_exact_test_per_failure_package
TIMEOUT	10.100s	astersql-planner-core-casetest	astersql-planner-core-casetest	tiflash_predicate_push_down_test::tiflash_inverted_index_matches_go_goldens	binary_id(=astersql-planner-core-casetest) & test(=tiflash_predicate_push_down_test::tiflash_inverted_index_matches_go_goldens)	default_serial_timeout	long_budget_pass	completes_in_10_to_60_seconds	9	one_exact_test_per_failure_package
TIMEOUT	10.057s	astersql-planner-core-casetest	astersql-planner-core-casetest	tiflash_predicate_push_down_test::tiflash_late_materialization_matches_go_goldens	binary_id(=astersql-planner-core-casetest) & test(=tiflash_predicate_push_down_test::tiflash_late_materialization_matches_go_goldens)	default_serial_timeout	long_budget_pass	completes_in_10_to_60_seconds	9	one_exact_test_per_failure_package
TIMEOUT	10.068s	astersql-planner-core-casetest-cbotest	astersql-planner-core-casetest-cbotest	cbo_test::test_cbo_repro_hash_join_issue_golden	binary_id(=astersql-planner-core-casetest-cbotest) & test(=cbo_test::test_cbo_repro_hash_join_issue_golden)	default_serial_pass	not_needed	resource_contention_or_budget_boundary	9	one_exact_test_per_failure_package
FAIL	7.786s	astersql-planner-core-casetest-cbotest	astersql-planner-core-casetest-cbotest	cbo_test::test_cbo_without_analyze_matches_go_suite_fixture	binary_id(=astersql-planner-core-casetest-cbotest) & test(=cbo_test::test_cbo_without_analyze_matches_go_suite_fixture)	default_serial_pass	not_needed	resource_contention_or_budget_boundary	9	one_exact_test_per_failure_package
TIMEOUT	10.036s	astersql-planner-core-casetest-correlated	astersql-planner-core-casetest-correlated	correlated_test::test_correlated_subquery	binary_id(=astersql-planner-core-casetest-correlated) & test(=correlated_test::test_correlated_subquery)	default_serial_pass	not_needed	resource_contention_or_budget_boundary	9	one_exact_test_per_failure_package
TIMEOUT	10.033s	astersql-planner-core-casetest-correlated	astersql-planner-core-casetest-correlated	correlated_test::test_natural_join_with_correlated_subquery	binary_id(=astersql-planner-core-casetest-correlated) & test(=correlated_test::test_natural_join_with_correlated_subquery)	default_serial_pass	not_needed	resource_contention_or_budget_boundary	9	one_exact_test_per_failure_package
TIMEOUT	10.010s	astersql-planner-core-casetest-enforcempp	astersql-planner-core-casetest-enforcempp	enforce_mpp_test::test_enforce_mpp_standard_golden_matches_go	binary_id(=astersql-planner-core-casetest-enforcempp) & test(=enforce_mpp_test::test_enforce_mpp_standard_golden_matches_go)	default_serial_timeout	long_budget_pass	completes_in_10_to_60_seconds	9	one_exact_test_per_failure_package
TIMEOUT	10.058s	astersql-planner-core-casetest-hint	astersql-planner-core-casetest-hint	hint_test::test_read_from_storage_hint_matches_go_fixture	binary_id(=astersql-planner-core-casetest-hint) & test(=hint_test::test_read_from_storage_hint_matches_go_fixture)	default_serial_timeout	long_budget_pass	completes_in_10_to_60_seconds	9	one_exact_test_per_failure_package
TIMEOUT	10.021s	astersql-planner-core-casetest-index	astersql-planner-core-casetest-index	index_test::index_range_quota_preserves_table_and_prefix_residuals	binary_id(=astersql-planner-core-casetest-index) & test(=index_test::index_range_quota_preserves_table_and_prefix_residuals)	default_serial_pass	not_needed	resource_contention_or_budget_boundary	9	one_exact_test_per_failure_package
TIMEOUT	10.024s	astersql-planner-core-casetest-index	astersql-planner-core-casetest-index	index_test::test_analyze_columnar_index	binary_id(=astersql-planner-core-casetest-index) & test(=index_test::test_analyze_columnar_index)	default_serial_pass	not_needed	resource_contention_or_budget_boundary	9	one_exact_test_per_failure_package
TIMEOUT	10.012s	astersql-planner-core-casetest-index	astersql-planner-core-casetest-index	index_test::test_force_index_limit	binary_id(=astersql-planner-core-casetest-index) & test(=index_test::test_force_index_limit)	default_serial_pass	not_needed	resource_contention_or_budget_boundary	9	one_exact_test_per_failure_package
TIMEOUT	10.015s	astersql-planner-core-casetest-index	astersql-planner-core-casetest-index	index_test::test_inverted_index	binary_id(=astersql-planner-core-casetest-index) & test(=index_test::test_inverted_index)	default_serial_pass	not_needed	resource_contention_or_budget_boundary	9	one_exact_test_per_failure_package
TIMEOUT	10.025s	astersql-planner-core-casetest-index	astersql-planner-core-casetest-index	index_test::test_invisible_index	binary_id(=astersql-planner-core-casetest-index) & test(=index_test::test_invisible_index)	default_serial_pass	not_needed	resource_contention_or_budget_boundary	9	one_exact_test_per_failure_package
TIMEOUT	10.018s	astersql-planner-core-casetest-index	astersql-planner-core-casetest-index	index_test::test_null_condition_for_prefix_index	binary_id(=astersql-planner-core-casetest-index) & test(=index_test::test_null_condition_for_prefix_index)	default_serial_pass	not_needed	resource_contention_or_budget_boundary	9	one_exact_test_per_failure_package
TIMEOUT	10.032s	astersql-planner-core-casetest-index	astersql-planner-core-casetest-index	index_test::test_ordered_index_with_is_null	binary_id(=astersql-planner-core-casetest-index) & test(=index_test::test_ordered_index_with_is_null)	default_serial_pass	not_needed	resource_contention_or_budget_boundary	9	one_exact_test_per_failure_package
TIMEOUT	10.026s	astersql-planner-core-casetest-index	astersql-planner-core-casetest-index	index_test::test_partial_index_with_index_prune	binary_id(=astersql-planner-core-casetest-index) & test(=index_test::test_partial_index_with_index_prune)	default_serial_pass	not_needed	resource_contention_or_budget_boundary	9	one_exact_test_per_failure_package
TIMEOUT	10.009s	astersql-planner-core-casetest-index	astersql-planner-core-casetest-index	index_test::test_partial_index_with_plan_cache	binary_id(=astersql-planner-core-casetest-index) & test(=index_test::test_partial_index_with_plan_cache)	default_serial_pass	not_needed	resource_contention_or_budget_boundary	9	one_exact_test_per_failure_package
TIMEOUT	10.018s	astersql-planner-core-casetest-index	astersql-planner-core-casetest-index	index_test::test_range_derivation	binary_id(=astersql-planner-core-casetest-index) & test(=index_test::test_range_derivation)	default_serial_pass	not_needed	resource_contention_or_budget_boundary	9	one_exact_test_per_failure_package
TIMEOUT	10.071s	astersql-planner-core-casetest-index	astersql-planner-core-casetest-index	index_test::test_range_intersection	binary_id(=astersql-planner-core-casetest-index) & test(=index_test::test_range_intersection)	default_serial_pass	not_needed	resource_contention_or_budget_boundary	9	one_exact_test_per_failure_package
TIMEOUT	10.011s	astersql-planner-core-casetest-index	astersql-planner-core-casetest-index	index_test::test_row_function_match_the_index_range_scan	binary_id(=astersql-planner-core-casetest-index) & test(=index_test::test_row_function_match_the_index_range_scan)	default_serial_pass	not_needed	resource_contention_or_budget_boundary	9	one_exact_test_per_failure_package
TIMEOUT	10.144s	astersql-planner-core-casetest-index	astersql-planner-core-casetest-index	index_test::test_vector_index	binary_id(=astersql-planner-core-casetest-index) & test(=index_test::test_vector_index)	default_serial_pass	not_needed	resource_contention_or_budget_boundary	9	one_exact_test_per_failure_package
TIMEOUT	10.008s	astersql-planner-core-casetest-indexmerge	astersql-planner-core-casetest-indexmerge	indexmerge_intersection_test::test_hint_for_intersection_index_merge	binary_id(=astersql-planner-core-casetest-indexmerge) & test(=indexmerge_intersection_test::test_hint_for_intersection_index_merge)	default_serial_timeout	long_budget_pass	completes_in_10_to_60_seconds	9	one_exact_test_per_failure_package
TIMEOUT	10.009s	astersql-planner-core-casetest-indexmerge	astersql-planner-core-casetest-indexmerge	indexmerge_intersection_test::test_index_merge_with_order_property	binary_id(=astersql-planner-core-casetest-indexmerge) & test(=indexmerge_intersection_test::test_index_merge_with_order_property)	default_serial_timeout	long_budget_pass	completes_in_10_to_60_seconds	9	one_exact_test_per_failure_package
TIMEOUT	10.126s	astersql-planner-core-casetest-indexmerge	astersql-planner-core-casetest-indexmerge	indexmerge_path_test::test_multi_mv_index_random	binary_id(=astersql-planner-core-casetest-indexmerge) & test(=indexmerge_path_test::test_multi_mv_index_random)	default_serial_timeout	long_budget_pass	completes_in_10_to_60_seconds	9	one_exact_test_per_failure_package
TIMEOUT	10.010s	astersql-planner-core-casetest-indexmerge	astersql-planner-core-casetest-indexmerge	indexmerge_path_test::test_mv_index_random	binary_id(=astersql-planner-core-casetest-indexmerge) & test(=indexmerge_path_test::test_mv_index_random)	default_serial_timeout	long_budget_pass	completes_in_10_to_60_seconds	9	one_exact_test_per_failure_package
TIMEOUT	10.136s	astersql-planner-core-casetest-instanceplancache	astersql-planner-core-casetest-instanceplancache	builtin_func_test::test_builtin_in_decimal_sig	binary_id(=astersql-planner-core-casetest-instanceplancache) & test(=builtin_func_test::test_builtin_in_decimal_sig)	default_serial_pass	not_needed	resource_contention_or_budget_boundary	9	one_exact_test_per_failure_package
TIMEOUT	10.158s	astersql-planner-core-casetest-instanceplancache	astersql-planner-core-casetest-instanceplancache	builtin_func_test::test_builtin_in_int_sig	binary_id(=astersql-planner-core-casetest-instanceplancache) & test(=builtin_func_test::test_builtin_in_int_sig)	default_serial_pass	not_needed	resource_contention_or_budget_boundary	9	one_exact_test_per_failure_package
TIMEOUT	10.099s	astersql-planner-core-casetest-instanceplancache	astersql-planner-core-casetest-instanceplancache	builtin_func_test::test_builtin_in_real_sig	binary_id(=astersql-planner-core-casetest-instanceplancache) & test(=builtin_func_test::test_builtin_in_real_sig)	default_serial_pass	not_needed	resource_contention_or_budget_boundary	9	one_exact_test_per_failure_package
TIMEOUT	10.118s	astersql-planner-core-casetest-instanceplancache	astersql-planner-core-casetest-instanceplancache	builtin_func_test::test_builtin_in_string_sig	binary_id(=astersql-planner-core-casetest-instanceplancache) & test(=builtin_func_test::test_builtin_in_string_sig)	default_serial_pass	not_needed	resource_contention_or_budget_boundary	9	one_exact_test_per_failure_package
TIMEOUT	10.014s	astersql-planner-core-casetest-instanceplancache	astersql-planner-core-casetest-instanceplancache	builtin_func_test::test_builtin_in_time_sig	binary_id(=astersql-planner-core-casetest-instanceplancache) & test(=builtin_func_test::test_builtin_in_time_sig)	default_serial_pass	not_needed	resource_contention_or_budget_boundary	9	one_exact_test_per_failure_package
TIMEOUT	10.006s	astersql-planner-core-casetest-instanceplancache	astersql-planner-core-casetest-instanceplancache	builtin_func_test::test_builtin_int_is_true_false	binary_id(=astersql-planner-core-casetest-instanceplancache) & test(=builtin_func_test::test_builtin_int_is_true_false)	default_serial_pass	not_needed	resource_contention_or_budget_boundary	9	one_exact_test_per_failure_package
TIMEOUT	10.139s	astersql-planner-core-casetest-instanceplancache	astersql-planner-core-casetest-instanceplancache	builtin_func_test::test_builtin_real_is_true_false	binary_id(=astersql-planner-core-casetest-instanceplancache) & test(=builtin_func_test::test_builtin_real_is_true_false)	default_serial_pass	not_needed	resource_contention_or_budget_boundary	9	one_exact_test_per_failure_package
TIMEOUT	10.072s	astersql-planner-core-casetest-instanceplancache	astersql-planner-core-casetest-instanceplancache	concurrency_test::TestInstancePlanCacheBatchPointMultiColIndex	binary_id(=astersql-planner-core-casetest-instanceplancache) & test(=concurrency_test::TestInstancePlanCacheBatchPointMultiColIndex)	default_serial_pass	not_needed	resource_contention_or_budget_boundary	9	one_exact_test_per_failure_package
TIMEOUT	10.028s	astersql-planner-core-casetest-instanceplancache	astersql-planner-core-casetest-instanceplancache	concurrency_test::TestInstancePlanCacheConcurrencyBatchPointNoTxn	binary_id(=astersql-planner-core-casetest-instanceplancache) & test(=concurrency_test::TestInstancePlanCacheConcurrencyBatchPointNoTxn)	default_serial_pass	not_needed	resource_contention_or_budget_boundary	9	one_exact_test_per_failure_package
TIMEOUT	10.029s	astersql-planner-core-casetest-instanceplancache	astersql-planner-core-casetest-instanceplancache	concurrency_test::TestInstancePlanCacheConcurrencyComp	binary_id(=astersql-planner-core-casetest-instanceplancache) & test(=concurrency_test::TestInstancePlanCacheConcurrencyComp)	default_serial_pass	not_needed	resource_contention_or_budget_boundary	9	one_exact_test_per_failure_package
TIMEOUT	10.078s	astersql-planner-core-casetest-instanceplancache	astersql-planner-core-casetest-instanceplancache	concurrency_test::TestInstancePlanCacheConcurrencyPartitioning	binary_id(=astersql-planner-core-casetest-instanceplancache) & test(=concurrency_test::TestInstancePlanCacheConcurrencyPartitioning)	default_serial_pass	not_needed	resource_contention_or_budget_boundary	9	one_exact_test_per_failure_package
TIMEOUT	10.028s	astersql-planner-core-casetest-instanceplancache	astersql-planner-core-casetest-instanceplancache	concurrency_test::TestInstancePlanCacheConcurrencyPoint	binary_id(=astersql-planner-core-casetest-instanceplancache) & test(=concurrency_test::TestInstancePlanCacheConcurrencyPoint)	default_serial_pass	not_needed	resource_contention_or_budget_boundary	9	one_exact_test_per_failure_package
TIMEOUT	10.226s	astersql-planner-core-casetest-instanceplancache	astersql-planner-core-casetest-instanceplancache	concurrency_test::TestInstancePlanCacheConcurrencyPointMultipleColPKNoTxn	binary_id(=astersql-planner-core-casetest-instanceplancache) & test(=concurrency_test::TestInstancePlanCacheConcurrencyPointMultipleColPKNoTxn)	default_serial_pass	not_needed	resource_contention_or_budget_boundary	9	one_exact_test_per_failure_package
TIMEOUT	10.034s	astersql-planner-core-casetest-instanceplancache	astersql-planner-core-casetest-instanceplancache	concurrency_test::TestInstancePlanCacheConcurrencyPointNoTxn	binary_id(=astersql-planner-core-casetest-instanceplancache) & test(=concurrency_test::TestInstancePlanCacheConcurrencyPointNoTxn)	default_serial_pass	not_needed	resource_contention_or_budget_boundary	9	one_exact_test_per_failure_package
TIMEOUT	10.038s	astersql-planner-core-casetest-instanceplancache	astersql-planner-core-casetest-instanceplancache	concurrency_test::TestInstancePlanCacheConcurrencyPointPartitioning	binary_id(=astersql-planner-core-casetest-instanceplancache) & test(=concurrency_test::TestInstancePlanCacheConcurrencyPointPartitioning)	default_serial_pass	not_needed	resource_contention_or_budget_boundary	9	one_exact_test_per_failure_package
TIMEOUT	10.014s	astersql-planner-core-casetest-instanceplancache	astersql-planner-core-casetest-instanceplancache	concurrency_test::TestInstancePlanCacheConcurrencySysbench	binary_id(=astersql-planner-core-casetest-instanceplancache) & test(=concurrency_test::TestInstancePlanCacheConcurrencySysbench)	default_serial_pass	not_needed	resource_contention_or_budget_boundary	9	one_exact_test_per_failure_package
TIMEOUT	10.022s	astersql-planner-core-casetest-instanceplancache	astersql-planner-core-casetest-instanceplancache	concurrency_test::TestInstancePlanCacheIndexJoin	binary_id(=astersql-planner-core-casetest-instanceplancache) & test(=concurrency_test::TestInstancePlanCacheIndexJoin)	default_serial_pass	not_needed	resource_contention_or_budget_boundary	9	one_exact_test_per_failure_package
TIMEOUT	10.042s	astersql-planner-core-casetest-instanceplancache	astersql-planner-core-casetest-instanceplancache	concurrency_test::TestInstancePlanCacheTableIndexScan	binary_id(=astersql-planner-core-casetest-instanceplancache) & test(=concurrency_test::TestInstancePlanCacheTableIndexScan)	default_serial_pass	not_needed	resource_contention_or_budget_boundary	9	one_exact_test_per_failure_package
TIMEOUT	10.021s	astersql-planner-core-casetest-instanceplancache	astersql-planner-core-casetest-instanceplancache	concurrency_tpcc_test::TestInstancePlanCacheConcurrencyTPCC	binary_id(=astersql-planner-core-casetest-instanceplancache) & test(=concurrency_tpcc_test::TestInstancePlanCacheConcurrencyTPCC)	default_serial_pass	not_needed	resource_contention_or_budget_boundary	9	one_exact_test_per_failure_package
TIMEOUT	10.008s	astersql-planner-core-casetest-instanceplancache	astersql-planner-core-casetest-instanceplancache	dml_test::TestInstancePlanCacheDMLBasic	binary_id(=astersql-planner-core-casetest-instanceplancache) & test(=dml_test::TestInstancePlanCacheDMLBasic)	default_serial_pass	not_needed	resource_contention_or_budget_boundary	9	one_exact_test_per_failure_package
TIMEOUT	10.030s	astersql-planner-core-casetest-instanceplancache	astersql-planner-core-casetest-instanceplancache	dml_test::TestInstancePlanCacheDMLTPCC	binary_id(=astersql-planner-core-casetest-instanceplancache) & test(=dml_test::TestInstancePlanCacheDMLTPCC)	default_serial_pass	not_needed	resource_contention_or_budget_boundary	9	one_exact_test_per_failure_package
TIMEOUT	10.010s	astersql-planner-core-casetest-instanceplancache	astersql-planner-core-casetest-instanceplancache	dml_test::TestInstancePlanCacheUpdateSpecifiedPartition	binary_id(=astersql-planner-core-casetest-instanceplancache) & test(=dml_test::TestInstancePlanCacheUpdateSpecifiedPartition)	default_serial_pass	not_needed	resource_contention_or_budget_boundary	9	one_exact_test_per_failure_package
TIMEOUT	10.012s	astersql-planner-core-casetest-instanceplancache	astersql-planner-core-casetest-instanceplancache	main_test::TestInstancePlanCache	binary_id(=astersql-planner-core-casetest-instanceplancache) & test(=main_test::TestInstancePlanCache)	default_serial_pass	not_needed	resource_contention_or_budget_boundary	9	one_exact_test_per_failure_package
TIMEOUT	10.015s	astersql-planner-core-casetest-join	astersql-planner-core-casetest-join	join_test::test_index_join_inner_row_count_uses_usable_join_keys	binary_id(=astersql-planner-core-casetest-join) & test(=join_test::test_index_join_inner_row_count_uses_usable_join_keys)	default_serial_pass	not_needed	resource_contention_or_budget_boundary	9	one_exact_test_per_failure_package
TIMEOUT	10.033s	astersql-planner-core-casetest-join	astersql-planner-core-casetest-join	join_test::test_join_regression_runs_go_contract	binary_id(=astersql-planner-core-casetest-join) & test(=join_test::test_join_regression_runs_go_contract)	default_serial_pass	not_needed	resource_contention_or_budget_boundary	9	one_exact_test_per_failure_package
TIMEOUT	10.012s	astersql-planner-core-casetest-join	astersql-planner-core-casetest-join	join_test::test_join_simplify_condition_runs_go_plan_contract	binary_id(=astersql-planner-core-casetest-join) & test(=join_test::test_join_simplify_condition_runs_go_plan_contract)	default_serial_pass	not_needed	resource_contention_or_budget_boundary	9	one_exact_test_per_failure_package
TIMEOUT	10.009s	astersql-planner-core-casetest-join	astersql-planner-core-casetest-join	join_test::test_join_with_nulleq_runs_go_plan_and_result_contract	binary_id(=astersql-planner-core-casetest-join) & test(=join_test::test_join_with_nulleq_runs_go_plan_and_result_contract)	default_serial_pass	not_needed	resource_contention_or_budget_boundary	9	one_exact_test_per_failure_package
TIMEOUT	10.087s	astersql-planner-core-casetest-join	astersql-planner-core-casetest-join	join_test::test_keeping_join_keys_runs_go_plan_contract	binary_id(=astersql-planner-core-casetest-join) & test(=join_test::test_keeping_join_keys_runs_go_plan_contract)	default_serial_pass	not_needed	resource_contention_or_budget_boundary	9	one_exact_test_per_failure_package
TIMEOUT	10.047s	astersql-planner-core-casetest-join	astersql-planner-core-casetest-join	join_test::test_semi_join_order_runs_go_result_contract	binary_id(=astersql-planner-core-casetest-join) & test(=join_test::test_semi_join_order_runs_go_result_contract)	default_serial_pass	not_needed	resource_contention_or_budget_boundary	9	one_exact_test_per_failure_package
TIMEOUT	10.029s	astersql-planner-core-casetest-logicalplan	astersql-planner-core-casetest-logicalplan	logical_plan_builder_test::TestLogicalPlanTypeRegression	binary_id(=astersql-planner-core-casetest-logicalplan) & test(=logical_plan_builder_test::TestLogicalPlanTypeRegression)	default_serial_timeout	long_budget_pass	completes_in_10_to_60_seconds	9	one_exact_test_per_failure_package
TIMEOUT	10.036s	astersql-planner-core-casetest-logicalplan	astersql-planner-core-casetest-logicalplan	logical_plan_builder_test::TestGroupBySchema	binary_id(=astersql-planner-core-casetest-logicalplan) & test(=logical_plan_builder_test::TestGroupBySchema)	default_serial_timeout	long_budget_pass	completes_in_10_to_60_seconds	9	one_exact_test_per_failure_package
TIMEOUT	10.012s	astersql-planner-core-casetest-mpp	astersql-planner-core-casetest-mpp	mpp_test::test_mpp_exchange_sender_plan_matches_go	binary_id(=astersql-planner-core-casetest-mpp) & test(=mpp_test::test_mpp_exchange_sender_plan_matches_go)	default_serial_timeout	long_budget_pass	completes_in_10_to_60_seconds	9	one_exact_test_per_failure_package
TIMEOUT	10.049s	astersql-planner-core-casetest-parallelapply	astersql-planner-core-casetest-parallelapply	parallel_apply_test::test_parallel_apply_warnning	binary_id(=astersql-planner-core-casetest-parallelapply) & test(=parallel_apply_test::test_parallel_apply_warnning)	default_serial_timeout	long_budget_pass	completes_in_10_to_60_seconds	9	one_exact_test_per_failure_package
TIMEOUT	10.015s	astersql-planner-core-casetest-partition	astersql-planner-core-casetest-partition	integration_partition_test::test_batch_point_get_partition_for_access_object	binary_id(=astersql-planner-core-casetest-partition) & test(=integration_partition_test::test_batch_point_get_partition_for_access_object)	default_serial_timeout	long_budget_pass	completes_in_10_to_60_seconds	9	one_exact_test_per_failure_package
TIMEOUT	10.010s	astersql-planner-core-casetest-partition	astersql-planner-core-casetest-partition	integration_partition_test::test_batch_point_get_table_partition	binary_id(=astersql-planner-core-casetest-partition) & test(=integration_partition_test::test_batch_point_get_table_partition)	default_serial_timeout	long_budget_pass	completes_in_10_to_60_seconds	9	one_exact_test_per_failure_package
TIMEOUT	10.008s	astersql-planner-core-casetest-partition	astersql-planner-core-casetest-partition	integration_partition_test::test_generated_column_with_partition	binary_id(=astersql-planner-core-casetest-partition) & test(=integration_partition_test::test_generated_column_with_partition)	default_serial_timeout	long_budget_pass	completes_in_10_to_60_seconds	9	one_exact_test_per_failure_package
TIMEOUT	10.043s	astersql-planner-core-casetest-partition	astersql-planner-core-casetest-partition	integration_partition_test::test_list_partition_pruning_classic	binary_id(=astersql-planner-core-casetest-partition) & test(=integration_partition_test::test_list_partition_pruning_classic)	default_serial_timeout	long_budget_pass	completes_in_10_to_60_seconds	9	one_exact_test_per_failure_package
TIMEOUT	10.070s	astersql-planner-core-casetest-partition	astersql-planner-core-casetest-partition	integration_partition_test::test_partition_prune_with_predicate_simplification	binary_id(=astersql-planner-core-casetest-partition) & test(=integration_partition_test::test_partition_prune_with_predicate_simplification)	default_serial_timeout	long_budget_pass	completes_in_10_to_60_seconds	9	one_exact_test_per_failure_package
TIMEOUT	10.057s	astersql-planner-core-casetest-partition	astersql-planner-core-casetest-partition	integration_partition_test::test_partition_table_explain	binary_id(=astersql-planner-core-casetest-partition) & test(=integration_partition_test::test_partition_table_explain)	default_serial_timeout	long_budget_pass	completes_in_10_to_60_seconds	9	one_exact_test_per_failure_package
TIMEOUT	10.034s	astersql-planner-core-casetest-partition	astersql-planner-core-casetest-partition	partition_pruner_test::test_cast	binary_id(=astersql-planner-core-casetest-partition) & test(=partition_pruner_test::test_cast)	default_serial_timeout	long_budget_pass	completes_in_10_to_60_seconds	9	one_exact_test_per_failure_package
TIMEOUT	10.051s	astersql-planner-core-casetest-partition	astersql-planner-core-casetest-partition	partition_pruner_test::test_hash_partition_pruner	binary_id(=astersql-planner-core-casetest-partition) & test(=partition_pruner_test::test_hash_partition_pruner)	default_serial_timeout	long_budget_pass	completes_in_10_to_60_seconds	9	one_exact_test_per_failure_package
TIMEOUT	10.010s	astersql-planner-core-casetest-partition	astersql-planner-core-casetest-partition	partition_pruner_test::test_list_columns_partition_pruner	binary_id(=astersql-planner-core-casetest-partition) & test(=partition_pruner_test::test_list_columns_partition_pruner)	default_serial_timeout	long_budget_pass	completes_in_10_to_60_seconds	9	one_exact_test_per_failure_package
TIMEOUT	10.022s	astersql-planner-core-casetest-partition	astersql-planner-core-casetest-partition	partition_pruner_test::test_partition_pruner_regression	binary_id(=astersql-planner-core-casetest-partition) & test(=partition_pruner_test::test_partition_pruner_regression)	default_serial_timeout	long_budget_pass	completes_in_10_to_60_seconds	9	one_exact_test_per_failure_package
TIMEOUT	10.008s	astersql-planner-core-casetest-partition	astersql-planner-core-casetest-partition	partition_pruner_test::test_point_get_int_handle_not_first	binary_id(=astersql-planner-core-casetest-partition) & test(=partition_pruner_test::test_point_get_int_handle_not_first)	default_serial_timeout	long_budget_pass	completes_in_10_to_60_seconds	9	one_exact_test_per_failure_package
TIMEOUT	10.030s	astersql-planner-core-casetest-partition	astersql-planner-core-casetest-partition	partition_pruner_test::test_range_date_pruning_extract	binary_id(=astersql-planner-core-casetest-partition) & test(=partition_pruner_test::test_range_date_pruning_extract)	default_serial_timeout	long_budget_pass	completes_in_10_to_60_seconds	9	one_exact_test_per_failure_package
TIMEOUT	10.026s	astersql-planner-core-casetest-partition	astersql-planner-core-casetest-partition	partition_pruner_test::test_range_time_pruning_extract	binary_id(=astersql-planner-core-casetest-partition) & test(=partition_pruner_test::test_range_time_pruning_extract)	default_serial_timeout	long_budget_pass	completes_in_10_to_60_seconds	9	one_exact_test_per_failure_package
TIMEOUT	10.067s	astersql-planner-core-casetest-planstats	astersql-planner-core-casetest-planstats	plan_stats_test::test_index_join_usable_keys_direct_optimizer_boundary	binary_id(=astersql-planner-core-casetest-planstats) & test(=plan_stats_test::test_index_join_usable_keys_direct_optimizer_boundary)	default_serial_timeout	long_budget_pass	completes_in_10_to_60_seconds	9	one_exact_test_per_failure_package
TIMEOUT	10.064s	astersql-planner-core-casetest-planstats	astersql-planner-core-casetest-planstats	plan_stats_test::test_plan_stats_load_shared_workers_complete_singleflight_followers	binary_id(=astersql-planner-core-casetest-planstats) & test(=plan_stats_test::test_plan_stats_load_shared_workers_complete_singleflight_followers)	default_serial_timeout	long_budget_pass	completes_in_10_to_60_seconds	9	one_exact_test_per_failure_package
TIMEOUT	10.037s	astersql-planner-core-casetest-rule	astersql-planner-core-casetest-rule	dual_test::test_dual	binary_id(=astersql-planner-core-casetest-rule) & test(=dual_test::test_dual)	default_serial_timeout	long_budget_pass	completes_in_10_to_60_seconds	9	one_exact_test_per_failure_package
TIMEOUT	10.008s	astersql-planner-core-casetest-rule	astersql-planner-core-casetest-rule	rule_cdc_join_reorder_test::cdc_join_reorder_matches_legacy_results_for_every_go_case	binary_id(=astersql-planner-core-casetest-rule) & test(=rule_cdc_join_reorder_test::cdc_join_reorder_matches_legacy_results_for_every_go_case)	default_serial_timeout	long_budget_pass	completes_in_10_to_60_seconds	9	one_exact_test_per_failure_package
TIMEOUT	10.063s	astersql-planner-core-casetest-rule	astersql-planner-core-casetest-rule	rule_cdc_join_reorder_test::dp_join_reorder_leading_hint_reports_go_warning	binary_id(=astersql-planner-core-casetest-rule) & test(=rule_cdc_join_reorder_test::dp_join_reorder_leading_hint_reports_go_warning)	default_serial_timeout	long_budget_pass	completes_in_10_to_60_seconds	9	one_exact_test_per_failure_package
TIMEOUT	10.016s	astersql-planner-core-casetest-rule	astersql-planner-core-casetest-rule	rule_cdc_join_reorder_test::dp_join_reorder_matches_greedy_results_for_every_go_case	binary_id(=astersql-planner-core-casetest-rule) & test(=rule_cdc_join_reorder_test::dp_join_reorder_matches_greedy_results_for_every_go_case)	default_serial_timeout	long_budget_pass	completes_in_10_to_60_seconds	9	one_exact_test_per_failure_package
TIMEOUT	10.014s	astersql-planner-core-casetest-rule	astersql-planner-core-casetest-rule	rule_cdc_join_reorder_test::order_aware_join_reorder_pushes_selection_and_keeps_order	binary_id(=astersql-planner-core-casetest-rule) & test(=rule_cdc_join_reorder_test::order_aware_join_reorder_pushes_selection_and_keeps_order)	default_serial_timeout	long_budget_pass	completes_in_10_to_60_seconds	9	one_exact_test_per_failure_package
TIMEOUT	10.078s	astersql-planner-core-casetest-rule	astersql-planner-core-casetest-rule	rule_common_handle_ordering_test::test_common_handle_index_ordering	binary_id(=astersql-planner-core-casetest-rule) & test(=rule_common_handle_ordering_test::test_common_handle_index_ordering)	default_serial_timeout	long_budget_pass	completes_in_10_to_60_seconds	9	one_exact_test_per_failure_package
TIMEOUT	10.009s	astersql-planner-core-casetest-rule	astersql-planner-core-casetest-rule	rule_common_handle_range_test::common_handle_secondary_index_ranges	binary_id(=astersql-planner-core-casetest-rule) & test(=rule_common_handle_range_test::common_handle_secondary_index_ranges)	default_serial_timeout	long_budget_pass	completes_in_10_to_60_seconds	9	one_exact_test_per_failure_package
TIMEOUT	10.011s	astersql-planner-core-casetest-rule	astersql-planner-core-casetest-rule	rule_eliminate_empty_selection_test::test_empty_selection_eliminator	binary_id(=astersql-planner-core-casetest-rule) & test(=rule_eliminate_empty_selection_test::test_empty_selection_eliminator)	default_serial_timeout	long_budget_pass	completes_in_10_to_60_seconds	9	one_exact_test_per_failure_package
TIMEOUT	10.009s	astersql-planner-core-casetest-rule	astersql-planner-core-casetest-rule	rule_eliminate_projection_test::test_eliminate_projection_suite	binary_id(=astersql-planner-core-casetest-rule) & test(=rule_eliminate_projection_test::test_eliminate_projection_suite)	default_serial_timeout	long_budget_pass	completes_in_10_to_60_seconds	9	one_exact_test_per_failure_package
TIMEOUT	10.016s	astersql-planner-core-casetest-rule	astersql-planner-core-casetest-rule	rule_join_reorder_test::join_reorder_go_fixture_cases	binary_id(=astersql-planner-core-casetest-rule) & test(=rule_join_reorder_test::join_reorder_go_fixture_cases)	default_serial_timeout	long_budget_pass	completes_in_10_to_60_seconds	9	one_exact_test_per_failure_package
TIMEOUT	10.025s	astersql-planner-core-casetest-rule	astersql-planner-core-casetest-rule	rule_join_reorder_test::leading_hint_preserves_non_equality_conditions_and_outer_join_rows	binary_id(=astersql-planner-core-casetest-rule) & test(=rule_join_reorder_test::leading_hint_preserves_non_equality_conditions_and_outer_join_rows)	default_serial_timeout	long_budget_pass	completes_in_10_to_60_seconds	9	one_exact_test_per_failure_package
TIMEOUT	10.012s	astersql-planner-core-casetest-rule	astersql-planner-core-casetest-rule	rule_outer_to_semi_join_test::outer_to_semi_go_golden_cases_execute_in_both_planners	binary_id(=astersql-planner-core-casetest-rule) & test(=rule_outer_to_semi_join_test::outer_to_semi_go_golden_cases_execute_in_both_planners)	default_serial_timeout	long_budget_pass	completes_in_10_to_60_seconds	9	one_exact_test_per_failure_package
TIMEOUT	10.013s	astersql-planner-core-casetest-rule	astersql-planner-core-casetest-rule	rule_outer2inner_test::outer2inner_go_golden_plans_execute_in_both_planners	binary_id(=astersql-planner-core-casetest-rule) & test(=rule_outer2inner_test::outer2inner_go_golden_plans_execute_in_both_planners)	default_serial_timeout	long_budget_pass	completes_in_10_to_60_seconds	9	one_exact_test_per_failure_package
TIMEOUT	10.018s	astersql-planner-core-casetest-rule	astersql-planner-core-casetest-rule	rule_outer_to_semi_join_test::semi_join_rewrite_hint_matches_go	binary_id(=astersql-planner-core-casetest-rule) & test(=rule_outer_to_semi_join_test::semi_join_rewrite_hint_matches_go)	default_serial_timeout	long_budget_pass	completes_in_10_to_60_seconds	9	one_exact_test_per_failure_package
TIMEOUT	10.012s	astersql-planner-core-casetest-rule	astersql-planner-core-casetest-rule	rule_predicate_pushdown_test::predicate_pushdown_go_fixture_cases	binary_id(=astersql-planner-core-casetest-rule) & test(=rule_predicate_pushdown_test::predicate_pushdown_go_fixture_cases)	default_serial_timeout	long_budget_pass	completes_in_10_to_60_seconds	9	one_exact_test_per_failure_package
TIMEOUT	10.012s	astersql-planner-core-casetest-rule	astersql-planner-core-casetest-rule	rule_predicate_pushdown_test::predicate_pushdown_issue_paths_execute	binary_id(=astersql-planner-core-casetest-rule) & test(=rule_predicate_pushdown_test::predicate_pushdown_issue_paths_execute)	default_serial_timeout	long_budget_pass	completes_in_10_to_60_seconds	9	one_exact_test_per_failure_package
TIMEOUT	10.075s	astersql-planner-core-casetest-rule	astersql-planner-core-casetest-rule	rule_predicate_simplification_test::predicate_simplification_go_fixture_cases	binary_id(=astersql-planner-core-casetest-rule) & test(=rule_predicate_simplification_test::predicate_simplification_go_fixture_cases)	default_serial_timeout	long_budget_pass	completes_in_10_to_60_seconds	9	one_exact_test_per_failure_package
TIMEOUT	10.012s	astersql-planner-core-casetest-schema	astersql-planner-core-casetest-schema	cannot_find_column_test::real_session_executes_issue65892_view_join_under_both_planners	binary_id(=astersql-planner-core-casetest-schema) & test(=cannot_find_column_test::real_session_executes_issue65892_view_join_under_both_planners)	default_serial_timeout	long_budget_pass	completes_in_10_to_60_seconds	9	one_exact_test_per_failure_package
TIMEOUT	10.012s	astersql-planner-core-casetest-tpcds	astersql-planner-core-casetest-tpcds	tpcds_test::test_nested_cte_self_join_preserves_seed_column_identity	binary_id(=astersql-planner-core-casetest-tpcds) & test(=tpcds_test::test_nested_cte_self_join_preserves_seed_column_identity)	default_serial_pass	not_needed	resource_contention_or_budget_boundary	9	one_exact_test_per_failure_package
TIMEOUT	10.009s	astersql-planner-core-casetest-tpcds	astersql-planner-core-casetest-tpcds	tpcds_test::test_tpcds_q64_matches_go_suite_fixture	binary_id(=astersql-planner-core-casetest-tpcds) & test(=tpcds_test::test_tpcds_q64_matches_go_suite_fixture)	default_serial_pass	not_needed	resource_contention_or_budget_boundary	9	one_exact_test_per_failure_package
TIMEOUT	10.007s	astersql-planner-core-casetest-tpcds	astersql-planner-core-casetest-tpcds	tpcds_test::test_tpcds_setup_supports_go_cascades_off_mode	binary_id(=astersql-planner-core-casetest-tpcds) & test(=tpcds_test::test_tpcds_setup_supports_go_cascades_off_mode)	default_serial_pass	not_needed	resource_contention_or_budget_boundary	9	one_exact_test_per_failure_package
TIMEOUT	10.019s	astersql-planner-core-casetest-tpch	astersql-planner-core-casetest-tpch	tpch_test::test_q1	binary_id(=astersql-planner-core-casetest-tpch) & test(=tpch_test::test_q1)	default_serial_timeout	long_budget_pass	completes_in_10_to_60_seconds	9	one_exact_test_per_failure_package
TIMEOUT	10.152s	astersql-planner-core-casetest-tpch	astersql-planner-core-casetest-tpch	tpch_test::test_q13	binary_id(=astersql-planner-core-casetest-tpch) & test(=tpch_test::test_q13)	default_serial_timeout	long_budget_pass	completes_in_10_to_60_seconds	9	one_exact_test_per_failure_package
TIMEOUT	10.011s	astersql-planner-core-casetest-tpch	astersql-planner-core-casetest-tpch	tpch_test::test_q14	binary_id(=astersql-planner-core-casetest-tpch) & test(=tpch_test::test_q14)	default_serial_timeout	long_budget_pass	completes_in_10_to_60_seconds	9	one_exact_test_per_failure_package
TIMEOUT	10.014s	astersql-planner-core-casetest-tpch	astersql-planner-core-casetest-tpch	tpch_test::test_q18	binary_id(=astersql-planner-core-casetest-tpch) & test(=tpch_test::test_q18)	default_serial_timeout	long_budget_pass	completes_in_10_to_60_seconds	9	one_exact_test_per_failure_package
TIMEOUT	10.030s	astersql-planner-core-casetest-tpch	astersql-planner-core-casetest-tpch	tpch_test::test_q2	binary_id(=astersql-planner-core-casetest-tpch) & test(=tpch_test::test_q2)	default_serial_timeout	long_budget_pass	completes_in_10_to_60_seconds	9	one_exact_test_per_failure_package
TIMEOUT	10.033s	astersql-planner-core-casetest-tpch	astersql-planner-core-casetest-tpch	tpch_test::test_q21	binary_id(=astersql-planner-core-casetest-tpch) & test(=tpch_test::test_q21)	default_serial_timeout	long_budget_pass	completes_in_10_to_60_seconds	9	one_exact_test_per_failure_package
TIMEOUT	10.009s	astersql-planner-core-casetest-tpch	astersql-planner-core-casetest-tpch	tpch_test::test_q22	binary_id(=astersql-planner-core-casetest-tpch) & test(=tpch_test::test_q22)	default_serial_timeout	long_budget_pass	completes_in_10_to_60_seconds	9	one_exact_test_per_failure_package
FAIL	9.140s	astersql-planner-core-casetest-tpch	astersql-planner-core-casetest-tpch	tpch_test::test_q4	binary_id(=astersql-planner-core-casetest-tpch) & test(=tpch_test::test_q4)	default_serial_timeout	long_budget_pass	completes_in_10_to_60_seconds	9	one_exact_test_per_failure_package
TIMEOUT	10.136s	astersql-planner-core-casetest-tpch	astersql-planner-core-casetest-tpch	tpch_test::test_q3	binary_id(=astersql-planner-core-casetest-tpch) & test(=tpch_test::test_q3)	default_serial_timeout	long_budget_pass	completes_in_10_to_60_seconds	9	one_exact_test_per_failure_package
TIMEOUT	10.104s	astersql-planner-core-casetest-tpch	astersql-planner-core-casetest-tpch	tpch_test::test_q3_rc_and_disable_tikv	binary_id(=astersql-planner-core-casetest-tpch) & test(=tpch_test::test_q3_rc_and_disable_tikv)	default_serial_timeout	long_budget_pass	completes_in_10_to_60_seconds	9	one_exact_test_per_failure_package
FAIL	9.451s	astersql-planner-core-casetest-tpch	astersql-planner-core-casetest-tpch	tpch_test::test_q5	binary_id(=astersql-planner-core-casetest-tpch) & test(=tpch_test::test_q5)	default_serial_timeout	long_budget_pass	completes_in_10_to_60_seconds	9	one_exact_test_per_failure_package
TIMEOUT	10.058s	astersql-planner-core-casetest-tpch	astersql-planner-core-casetest-tpch	tpch_test::test_q9	binary_id(=astersql-planner-core-casetest-tpch) & test(=tpch_test::test_q9)	default_serial_timeout	long_budget_pass	completes_in_10_to_60_seconds	9	one_exact_test_per_failure_package
FAIL	9.003s	astersql-planner-core-casetest-vectorsearch	astersql-planner-core-casetest-vectorsearch	vector_index_test::hnsw_query_plan_matches_execution	binary_id(=astersql-planner-core-casetest-vectorsearch) & test(=vector_index_test::hnsw_query_plan_matches_execution)	stable_failure	not_needed	stable_assertion_or_environment_failure	9	one_exact_test_per_failure_package
TIMEOUT	10.010s	astersql-planner-core-casetest-vectorsearch	astersql-planner-core-casetest-vectorsearch	vector_index_test::test_vector_search_heavy_function_matches_go_golden	binary_id(=astersql-planner-core-casetest-vectorsearch) & test(=vector_index_test::test_vector_search_heavy_function_matches_go_golden)	stable_failure	not_needed	stable_assertion_or_environment_failure	9	one_exact_test_per_failure_package
TIMEOUT	10.011s	astersql-planner-core-casetest-vectorsearch	astersql-planner-core-casetest-vectorsearch	vector_index_test::test_vector_search_with_pk_auto_matches_go_golden	binary_id(=astersql-planner-core-casetest-vectorsearch) & test(=vector_index_test::test_vector_search_with_pk_auto_matches_go_golden)	stable_failure	not_needed	stable_assertion_or_environment_failure	9	one_exact_test_per_failure_package
TIMEOUT	10.026s	astersql-planner-core-casetest-vectorsearch	astersql-planner-core-casetest-vectorsearch	vector_index_test::test_vector_search_with_pk_force_tikv_matches_go_golden	binary_id(=astersql-planner-core-casetest-vectorsearch) & test(=vector_index_test::test_vector_search_with_pk_force_tikv_matches_go_golden)	stable_failure	not_needed	stable_assertion_or_environment_failure	9	one_exact_test_per_failure_package
TIMEOUT	10.047s	astersql-planner-core-casetest-windows	astersql-planner-core-casetest-windows	window_push_down_test::window_go_golden_replay_matches_standard_and_cascades_planners	binary_id(=astersql-planner-core-casetest-windows) & test(=window_push_down_test::window_go_golden_replay_matches_standard_and_cascades_planners)	default_serial_timeout	long_budget_pass	completes_in_10_to_60_seconds	9	one_exact_test_per_failure_package
TIMEOUT	10.011s	astersql-planner-core-casetest-windows	astersql-planner-core-casetest-windows	window_with_exist_subquery_test::outer_ref_and_outer_join_cte_golden_match_go	binary_id(=astersql-planner-core-casetest-windows) & test(=window_with_exist_subquery_test::outer_ref_and_outer_join_cte_golden_match_go)	default_serial_timeout	long_budget_pass	completes_in_10_to_60_seconds	9	one_exact_test_per_failure_package
TIMEOUT	10.011s	astersql-planner-core-casetest-windows	astersql-planner-core-casetest-windows	window_with_exist_subquery_test::window_subquery_rewrite_matches_go_results	binary_id(=astersql-planner-core-casetest-windows) & test(=window_with_exist_subquery_test::window_subquery_rewrite_matches_go_results)	default_serial_timeout	long_budget_pass	completes_in_10_to_60_seconds	9	one_exact_test_per_failure_package
SIGABRT	0.080s	astersql-planner-core-operator-physicalop	astersql-planner-core-operator-physicalop	cache_snapshot_test::cached_unary_agg_union_round_trip	binary_id(=astersql-planner-core-operator-physicalop) & test(=cache_snapshot_test::cached_unary_agg_union_round_trip)	stable_failure	not_needed	stack_overflow_abort	5	one_exact_test_per_failure_package
TIMEOUT	10.046s	astersql-planner-core-joinorder	astersql-planner-core-joinorder	bitset_bench_test::joinorder_conflict_detector_resolves_all_scales	binary_id(=astersql-planner-core-joinorder) & test(=bitset_bench_test::joinorder_conflict_detector_resolves_all_scales)	default_serial_pass	not_needed	resource_contention_or_budget_boundary	9	one_exact_test_per_failure_package
FAIL	9.112s	astersql-planner-core-tests-cte	astersql-planner-core-tests-cte	cte_test::TestCTEWithDifferentSchema	binary_id(=astersql-planner-core-tests-cte) & test(=cte_test::TestCTEWithDifferentSchema)	stable_failure	not_needed	stable_assertion_or_environment_failure	9	one_exact_test_per_failure_package
TIMEOUT	10.008s	astersql-planner-core-tests-extractor	astersql-planner-core-tests-extractor	memtable_infoschema_extractor_test::TestMemtableInfoschemaExtractorPart4	binary_id(=astersql-planner-core-tests-extractor) & test(=memtable_infoschema_extractor_test::TestMemtableInfoschemaExtractorPart4)	default_serial_timeout	long_budget_pass	completes_in_10_to_60_seconds	9	one_exact_test_per_failure_package
TIMEOUT	10.008s	astersql-planner-core-tests-extractor	astersql-planner-core-tests-extractor	memtable_infoschema_extractor_test::TestMemtableInfoschemaExtractorPart3	binary_id(=astersql-planner-core-tests-extractor) & test(=memtable_infoschema_extractor_test::TestMemtableInfoschemaExtractorPart3)	default_serial_timeout	long_budget_pass	completes_in_10_to_60_seconds	9	one_exact_test_per_failure_package
TIMEOUT	10.009s	astersql-planner-core-tests-extractor	astersql-planner-core-tests-extractor	memtable_infoschema_extractor_test::TestMemtableInfoschemaExtractorPart1	binary_id(=astersql-planner-core-tests-extractor) & test(=memtable_infoschema_extractor_test::TestMemtableInfoschemaExtractorPart1)	default_serial_timeout	long_budget_pass	completes_in_10_to_60_seconds	9	one_exact_test_per_failure_package
TIMEOUT	10.009s	astersql-planner-core-tests-extractor	astersql-planner-core-tests-extractor	memtable_infoschema_extractor_test::TestMemtableInfoschemaExtractorPart2	binary_id(=astersql-planner-core-tests-extractor) & test(=memtable_infoschema_extractor_test::TestMemtableInfoschemaExtractorPart2)	default_serial_timeout	long_budget_pass	completes_in_10_to_60_seconds	9	one_exact_test_per_failure_package
FAIL	6.697s	astersql-planner-core-tests-pointget	astersql-planner-core-tests-pointget	point_get_plan_test::TestPointGetId	binary_id(=astersql-planner-core-tests-pointget) & test(=point_get_plan_test::TestPointGetId)	stable_failure	not_needed	stable_assertion_or_environment_failure	2	one_exact_test_per_failure_package
TIMEOUT	10.005s	astersql-privilege-privileges-ldap	astersql-privilege-privileges-ldap	ldap_common_test::tests::TestConnectThrough636	binary_id(=astersql-privilege-privileges-ldap) & test(=ldap_common_test::tests::TestConnectThrough636)	default_serial_timeout	long_budget_pass	completes_in_10_to_60_seconds	8	one_exact_test_per_failure_package
TIMEOUT	10.008s	astersql-privilege-privileges-ldap	astersql-privilege-privileges-ldap	ldap_common_test::tests::TestConnectWithTLS11	binary_id(=astersql-privilege-privileges-ldap) & test(=ldap_common_test::tests::TestConnectWithTLS11)	default_serial_timeout	long_budget_pass	completes_in_10_to_60_seconds	8	one_exact_test_per_failure_package
TIMEOUT	10.059s	astersql-privilege-privileges-ldap	astersql-privilege-privileges-ldap	ldap_common_test::tests::TestLDAPStartTLSTimeout	binary_id(=astersql-privilege-privileges-ldap) & test(=ldap_common_test::tests::TestLDAPStartTLSTimeout)	default_serial_timeout	long_budget_pass	completes_in_10_to_60_seconds	8	one_exact_test_per_failure_package
FAIL	0.074s	astersql-server	astersql-server	http_status_test::nextgen_global_variables_route_masks_diagnostic_secrets	binary_id(=astersql-server) & test(=http_status_test::nextgen_global_variables_route_masks_diagnostic_secrets)	default_serial_pass	not_needed	resource_contention_or_budget_boundary	8	one_exact_test_per_failure_package
TIMEOUT	10.086s	astersql-server	astersql-server	mysql_catalog_protocol_test::mysql_catalog_protocol_manifest_matches_wire_metadata	binary_id(=astersql-server) & test(=mysql_catalog_protocol_test::mysql_catalog_protocol_manifest_matches_wire_metadata)	default_serial_pass	not_needed	resource_contention_or_budget_boundary	8	one_exact_test_per_failure_package
TIMEOUT	10.012s	astersql-server	astersql-server	pg_client_integration_test::pg_introspection_clients	binary_id(=astersql-server) & test(=pg_client_integration_test::pg_introspection_clients)	default_serial_pass	not_needed	resource_contention_or_budget_boundary	8	one_exact_test_per_failure_package
TIMEOUT	10.010s	astersql-server	astersql-server	pg_client_integration_test::postgres_client_protocol_versions	binary_id(=astersql-server) & test(=pg_client_integration_test::postgres_client_protocol_versions)	default_serial_pass	not_needed	resource_contention_or_budget_boundary	8	one_exact_test_per_failure_package
TIMEOUT	10.014s	astersql-server	astersql-server	pg_conn_test::startup_cancel_is_scoped_and_consumed	binary_id(=astersql-server) & test(=pg_conn_test::startup_cancel_is_scoped_and_consumed)	default_serial_pass	not_needed	resource_contention_or_budget_boundary	8	one_exact_test_per_failure_package
TIMEOUT	10.012s	astersql-server	astersql-server	tidb_library_test::test_memory_leak	binary_id(=astersql-server) & test(=tidb_library_test::test_memory_leak)	default_serial_pass	not_needed	resource_contention_or_budget_boundary	8	one_exact_test_per_failure_package
FAIL	6.685s	astersql-server-tests	astersql-server-tests	tidb_serial_test::test_load_data_list_partition	binary_id(=astersql-server-tests) & test(=tidb_serial_test::test_load_data_list_partition)	stable_failure	not_needed	stable_assertion_or_environment_failure	4	one_exact_test_per_failure_package
TIMEOUT	10.018s	astersql-session	astersql-session	bench_test::benchmark_entrypoints_execute_canonical_paths	binary_id(=astersql-session) & test(=bench_test::benchmark_entrypoints_execute_canonical_paths)	default_serial_pass	not_needed	resource_contention_or_budget_boundary	7	one_exact_test_per_failure_package
TIMEOUT	10.008s	astersql-session	astersql-session	dml_runtime_test::sql_defaults_and_bootstrap_upgrade	binary_id(=astersql-session) & test(=dml_runtime_test::sql_defaults_and_bootstrap_upgrade)	default_serial_pass	not_needed	resource_contention_or_budget_boundary	7	one_exact_test_per_failure_package
FAIL	7.023s	astersql-session	astersql-session	mysql_dml_compat_test::common_mysql_dml_preserves_rows_constraints_and_statement_state	binary_id(=astersql-session) & test(=mysql_dml_compat_test::common_mysql_dml_preserves_rows_constraints_and_statement_state)	default_serial_pass	not_needed	resource_contention_or_budget_boundary	7	one_exact_test_per_failure_package
TIMEOUT	10.029s	astersql-session	astersql-session	runtime::durable_scheduler_test::crossks_align_durable_scheduler_owner_loss_cancel_and_error_roll_back_meta_and_job	binary_id(=astersql-session) & test(=runtime::durable_scheduler_test::crossks_align_durable_scheduler_owner_loss_cancel_and_error_roll_back_meta_and_job)	default_serial_pass	not_needed	resource_contention_or_budget_boundary	7	one_exact_test_per_failure_package
TIMEOUT	10.038s	astersql-session	astersql-session	runtime::lifecycle_test::crossks_align_lifecycle_automatic_gc_is_installed_and_stops_with_manager	binary_id(=astersql-session) & test(=runtime::lifecycle_test::crossks_align_lifecycle_automatic_gc_is_installed_and_stops_with_manager)	default_serial_pass	not_needed	resource_contention_or_budget_boundary	7	one_exact_test_per_failure_package
TIMEOUT	10.029s	astersql-session	astersql-session	runtime::lifecycle_test::crossks_align_lifecycle_expired_validator_rejects_writes_but_read_only_commit_succeeds	binary_id(=astersql-session) & test(=runtime::lifecycle_test::crossks_align_lifecycle_expired_validator_rejects_writes_but_read_only_commit_succeeds)	default_serial_pass	not_needed	resource_contention_or_budget_boundary	7	one_exact_test_per_failure_package
TIMEOUT	10.014s	astersql-session	astersql-session	runtime::lifecycle_test::crossks_align_lifecycle_registration_lease_and_response_failure_cleanup	binary_id(=astersql-session) & test(=runtime::lifecycle_test::crossks_align_lifecycle_registration_lease_and_response_failure_cleanup)	default_serial_pass	not_needed	resource_contention_or_budget_boundary	7	one_exact_test_per_failure_package
TIMEOUT	10.047s	astersql-session	astersql-session	runtime::lifecycle_test::crossks_align_lifecycle_session_commit_uses_shared_validator_and_recovers	binary_id(=astersql-session) & test(=runtime::lifecycle_test::crossks_align_lifecycle_session_commit_uses_shared_validator_and_recovers)	default_serial_pass	not_needed	resource_contention_or_budget_boundary	7	one_exact_test_per_failure_package
TIMEOUT	10.011s	astersql-session	astersql-session	runtime::lifecycle_test::crossks_align_lifecycle_shared_validator_checks_related_table_deltas	binary_id(=astersql-session) & test(=runtime::lifecycle_test::crossks_align_lifecycle_shared_validator_checks_related_table_deltas)	default_serial_pass	not_needed	resource_contention_or_budget_boundary	7	one_exact_test_per_failure_package
TIMEOUT	10.075s	astersql-session	astersql-session	runtime::normal_ddl_create_materialized_view_shadow_test::normal_ddl_plan_create_materialized_view_shadow_affinity_requests_failure_and_range_encoding	binary_id(=astersql-session) & test(=runtime::normal_ddl_create_materialized_view_shadow_test::normal_ddl_plan_create_materialized_view_shadow_affinity_requests_failure_and_range_encoding)	default_serial_pass	not_needed	resource_contention_or_budget_boundary	7	one_exact_test_per_failure_package
TIMEOUT	10.135s	astersql-session	astersql-session	runtime::normal_ddl_create_materialized_view_shadow_test::normal_ddl_plan_create_materialized_view_shadow_create_errors_atomic	binary_id(=astersql-session) & test(=runtime::normal_ddl_create_materialized_view_shadow_test::normal_ddl_plan_create_materialized_view_shadow_create_errors_atomic)	default_serial_pass	not_needed	resource_contention_or_budget_boundary	7	one_exact_test_per_failure_package
TIMEOUT	10.023s	astersql-session	astersql-session	runtime::normal_ddl_create_materialized_view_shadow_test::normal_ddl_plan_create_materialized_view_shadow_foreign_keys_single_public_step	binary_id(=astersql-session) & test(=runtime::normal_ddl_create_materialized_view_shadow_test::normal_ddl_plan_create_materialized_view_shadow_foreign_keys_single_public_step)	default_serial_pass	not_needed	resource_contention_or_budget_boundary	7	one_exact_test_per_failure_package
TIMEOUT	10.024s	astersql-session	astersql-session	runtime::normal_ddl_create_materialized_view_shadow_test::normal_ddl_plan_create_materialized_view_shadow_extra_row_and_random_bases	binary_id(=astersql-session) & test(=runtime::normal_ddl_create_materialized_view_shadow_test::normal_ddl_plan_create_materialized_view_shadow_extra_row_and_random_bases)	default_serial_pass	not_needed	resource_contention_or_budget_boundary	7	one_exact_test_per_failure_package
TIMEOUT	10.016s	astersql-session	astersql-session	runtime::normal_ddl_create_materialized_view_shadow_test::normal_ddl_plan_create_materialized_view_shadow_pd_placement_and_tiflash_requests	binary_id(=astersql-session) & test(=runtime::normal_ddl_create_materialized_view_shadow_test::normal_ddl_plan_create_materialized_view_shadow_pd_placement_and_tiflash_requests)	default_serial_pass	not_needed	resource_contention_or_budget_boundary	7	one_exact_test_per_failure_package
TIMEOUT	10.050s	astersql-session	astersql-session	runtime::normal_ddl_create_materialized_view_shadow_test::normal_ddl_plan_create_materialized_view_shadow_rejects_invalid_metadata	binary_id(=astersql-session) & test(=runtime::normal_ddl_create_materialized_view_shadow_test::normal_ddl_plan_create_materialized_view_shadow_rejects_invalid_metadata)	default_serial_pass	not_needed	resource_contention_or_budget_boundary	7	one_exact_test_per_failure_package
TIMEOUT	10.019s	astersql-session	astersql-session	runtime::normal_ddl_create_materialized_view_shadow_test::normal_ddl_plan_create_materialized_view_shadow_validates_source	binary_id(=astersql-session) & test(=runtime::normal_ddl_create_materialized_view_shadow_test::normal_ddl_plan_create_materialized_view_shadow_validates_source)	default_serial_pass	not_needed	resource_contention_or_budget_boundary	7	one_exact_test_per_failure_package
TIMEOUT	10.013s	astersql-session	astersql-session	runtime::normal_ddl_create_materialized_view_test::normal_ddl_plan_create_materialized_view_1_dependency_errors	binary_id(=astersql-session) & test(=runtime::normal_ddl_create_materialized_view_test::normal_ddl_plan_create_materialized_view_1_dependency_errors)	default_serial_pass	not_needed	resource_contention_or_budget_boundary	7	one_exact_test_per_failure_package
TIMEOUT	10.019s	astersql-session	astersql-session	runtime::normal_ddl_create_materialized_view_test::normal_ddl_plan_create_materialized_view_2_build_error_and_admin_state	binary_id(=astersql-session) & test(=runtime::normal_ddl_create_materialized_view_test::normal_ddl_plan_create_materialized_view_2_build_error_and_admin_state)	default_serial_pass	not_needed	resource_contention_or_budget_boundary	7	one_exact_test_per_failure_package
TIMEOUT	10.039s	astersql-session	astersql-session	runtime::normal_ddl_create_materialized_view_test::normal_ddl_plan_create_materialized_view_2_snapshot_and_restart	binary_id(=astersql-session) & test(=runtime::normal_ddl_create_materialized_view_test::normal_ddl_plan_create_materialized_view_2_snapshot_and_restart)	default_serial_pass	not_needed	resource_contention_or_budget_boundary	7	one_exact_test_per_failure_package
TIMEOUT	10.049s	astersql-session	astersql-session	runtime::normal_ddl_create_materialized_view_test::normal_ddl_plan_create_materialized_view_3_publication	binary_id(=astersql-session) & test(=runtime::normal_ddl_create_materialized_view_test::normal_ddl_plan_create_materialized_view_3_publication)	default_serial_pass	not_needed	resource_contention_or_budget_boundary	7	one_exact_test_per_failure_package
TIMEOUT	10.013s	astersql-session	astersql-session	runtime::normal_ddl_create_table_test::external_ttl_completed_batch_recycles_original_max_create_time_only_from_worker	binary_id(=astersql-session) & test(=runtime::normal_ddl_create_table_test::external_ttl_completed_batch_recycles_original_max_create_time_only_from_worker)	default_serial_pass	not_needed	resource_contention_or_budget_boundary	7	one_exact_test_per_failure_package
TIMEOUT	10.072s	astersql-session	astersql-session	runtime::normal_ddl_create_table_test::external_ttl_two_managers_elect_one_owner_and_release_on_close	binary_id(=astersql-session) & test(=runtime::normal_ddl_create_table_test::external_ttl_two_managers_elect_one_owner_and_release_on_close)	default_serial_pass	not_needed	resource_contention_or_budget_boundary	7	one_exact_test_per_failure_package
TIMEOUT	10.017s	astersql-session	astersql-session	runtime::normal_ddl_create_table_test::normal_ddl_alter_ttl_syncs_and_rolls_back_controller_failure	binary_id(=astersql-session) & test(=runtime::normal_ddl_create_table_test::normal_ddl_alter_ttl_syncs_and_rolls_back_controller_failure)	default_serial_pass	not_needed	resource_contention_or_budget_boundary	7	one_exact_test_per_failure_package
TIMEOUT	10.048s	astersql-session	astersql-session	runtime::normal_ddl_create_table_test::normal_ddl_batch_ttl_registration_compensates_in_reverse	binary_id(=astersql-session) & test(=runtime::normal_ddl_create_table_test::normal_ddl_batch_ttl_registration_compensates_in_reverse)	default_serial_pass	not_needed	resource_contention_or_budget_boundary	7	one_exact_test_per_failure_package
TIMEOUT	10.024s	astersql-session	astersql-session	runtime::normal_ddl_create_table_test::normal_ddl_create_table_columnar_gate	binary_id(=astersql-session) & test(=runtime::normal_ddl_create_table_test::normal_ddl_create_table_columnar_gate)	default_serial_pass	not_needed	resource_contention_or_budget_boundary	7	one_exact_test_per_failure_package
TIMEOUT	10.081s	astersql-session	astersql-session	runtime::normal_ddl_create_table_test::normal_ddl_drop_ttl_deletes_before_transition_and_cancels_controller_error	binary_id(=astersql-session) & test(=runtime::normal_ddl_create_table_test::normal_ddl_drop_ttl_deletes_before_transition_and_cancels_controller_error)	default_serial_pass	not_needed	resource_contention_or_budget_boundary	7	one_exact_test_per_failure_package
TIMEOUT	10.010s	astersql-session	astersql-session	runtime::normal_ddl_create_table_test::normal_ddl_plan_create_table_affinity_requests_failure_and_range_encoding	binary_id(=astersql-session) & test(=runtime::normal_ddl_create_table_test::normal_ddl_plan_create_table_affinity_requests_failure_and_range_encoding)	default_serial_pass	not_needed	resource_contention_or_budget_boundary	7	one_exact_test_per_failure_package
TIMEOUT	10.010s	astersql-session	astersql-session	runtime::normal_ddl_create_table_test::normal_ddl_plan_create_table_auto_id_independent_notification_retry	binary_id(=astersql-session) & test(=runtime::normal_ddl_create_table_test::normal_ddl_plan_create_table_auto_id_independent_notification_retry)	default_serial_pass	not_needed	resource_contention_or_budget_boundary	7	one_exact_test_per_failure_package
TIMEOUT	10.042s	astersql-session	astersql-session	runtime::normal_ddl_create_table_test::normal_ddl_plan_create_table_extra_row_and_random_bases	binary_id(=astersql-session) & test(=runtime::normal_ddl_create_table_test::normal_ddl_plan_create_table_extra_row_and_random_bases)	default_serial_pass	not_needed	resource_contention_or_budget_boundary	7	one_exact_test_per_failure_package
TIMEOUT	10.009s	astersql-session	astersql-session	runtime::normal_ddl_create_table_test::normal_ddl_plan_create_table_foreign_key_restart	binary_id(=astersql-session) & test(=runtime::normal_ddl_create_table_test::normal_ddl_plan_create_table_foreign_key_restart)	default_serial_pass	not_needed	resource_contention_or_budget_boundary	7	one_exact_test_per_failure_package
TIMEOUT	10.054s	astersql-session	astersql-session	runtime::normal_ddl_create_table_test::normal_ddl_plan_create_table_partition_columns_pruning_and_legacy_bounds	binary_id(=astersql-session) & test(=runtime::normal_ddl_create_table_test::normal_ddl_plan_create_table_partition_columns_pruning_and_legacy_bounds)	default_serial_pass	not_needed	resource_contention_or_budget_boundary	7	one_exact_test_per_failure_package
TIMEOUT	10.071s	astersql-session	astersql-session	runtime::normal_ddl_create_table_test::normal_ddl_plan_create_table_partition_not_cancelled	binary_id(=astersql-session) & test(=runtime::normal_ddl_create_table_test::normal_ddl_plan_create_table_partition_not_cancelled)	default_serial_pass	not_needed	resource_contention_or_budget_boundary	7	one_exact_test_per_failure_package
TIMEOUT	10.065s	astersql-session	astersql-session	runtime::normal_ddl_create_table_test::normal_ddl_plan_create_table_pd_placement_and_tiflash_requests	binary_id(=astersql-session) & test(=runtime::normal_ddl_create_table_test::normal_ddl_plan_create_table_pd_placement_and_tiflash_requests)	default_serial_pass	not_needed	resource_contention_or_budget_boundary	7	one_exact_test_per_failure_package
TIMEOUT	10.135s	astersql-session	astersql-session	runtime::normal_ddl_create_table_test::normal_ddl_plan_create_table_restore_public_and_legacy_write_only	binary_id(=astersql-session) & test(=runtime::normal_ddl_create_table_test::normal_ddl_plan_create_table_restore_public_and_legacy_write_only)	default_serial_pass	not_needed	resource_contention_or_budget_boundary	7	one_exact_test_per_failure_package
TIMEOUT	10.010s	astersql-session	astersql-session	runtime::normal_ddl_create_table_test::normal_ddl_plan_create_table_reverse_foreign_key_and_constraint_names	binary_id(=astersql-session) & test(=runtime::normal_ddl_create_table_test::normal_ddl_plan_create_table_reverse_foreign_key_and_constraint_names)	default_serial_pass	not_needed	resource_contention_or_budget_boundary	7	one_exact_test_per_failure_package
TIMEOUT	10.017s	astersql-session	astersql-session	runtime::normal_ddl_create_table_test::normal_ddl_plan_create_table_ttl_controller_success_failure_disabled	binary_id(=astersql-session) & test(=runtime::normal_ddl_create_table_test::normal_ddl_plan_create_table_ttl_controller_success_failure_disabled)	default_serial_pass	not_needed	resource_contention_or_budget_boundary	7	one_exact_test_per_failure_package
TIMEOUT	10.014s	astersql-session	astersql-session	runtime::normal_ddl_create_table_test::normal_ddl_plan_create_table_validation_errors_atomic	binary_id(=astersql-session) & test(=runtime::normal_ddl_create_table_test::normal_ddl_plan_create_table_validation_errors_atomic)	default_serial_pass	not_needed	resource_contention_or_budget_boundary	7	one_exact_test_per_failure_package
TIMEOUT	10.026s	astersql-session	astersql-session	runtime::normal_ddl_create_table_test::normal_ddl_storage_class_sql_show_information_schema_and_partition_updates	binary_id(=astersql-session) & test(=runtime::normal_ddl_create_table_test::normal_ddl_storage_class_sql_show_information_schema_and_partition_updates)	default_serial_pass	not_needed	resource_contention_or_budget_boundary	7	one_exact_test_per_failure_package
TIMEOUT	10.012s	astersql-session	astersql-session	runtime::normal_ddl_create_table_test::normal_ddl_storage_class_worker_persists_original_attribute_v1_and_v2	binary_id(=astersql-session) & test(=runtime::normal_ddl_create_table_test::normal_ddl_storage_class_worker_persists_original_attribute_v1_and_v2)	default_serial_pass	not_needed	resource_contention_or_budget_boundary	7	one_exact_test_per_failure_package
TIMEOUT	10.021s	astersql-session	astersql-session	runtime::normal_ddl_create_table_test::normal_ddl_truncate_ttl_compensates_and_preserves_original_error	binary_id(=astersql-session) & test(=runtime::normal_ddl_create_table_test::normal_ddl_truncate_ttl_compensates_and_preserves_original_error)	default_serial_pass	not_needed	resource_contention_or_budget_boundary	7	one_exact_test_per_failure_package
TIMEOUT	10.046s	astersql-session	astersql-session	runtime::normal_ddl_index_reorg_initialization_test::normal_dispatch_initializes_and_reports_next_stage	binary_id(=astersql-session) & test(=runtime::normal_ddl_index_reorg_initialization_test::normal_dispatch_initializes_and_reports_next_stage)	default_serial_pass	not_needed	resource_contention_or_budget_boundary	7	one_exact_test_per_failure_package
TIMEOUT	10.076s	astersql-session	astersql-session	runtime::normal_ddl_masking_policy_test::bootstrap_binding_digest_refresh_runs_until_version282	binary_id(=astersql-session) & test(=runtime::normal_ddl_masking_policy_test::bootstrap_binding_digest_refresh_runs_until_version282)	default_serial_pass	not_needed	resource_contention_or_budget_boundary	7	one_exact_test_per_failure_package
TIMEOUT	10.028s	astersql-session	astersql-session	runtime::normal_ddl_masking_policy_test::bootstrap_reserved_versions_preserve_compatibility_variables	binary_id(=astersql-session) & test(=runtime::normal_ddl_masking_policy_test::bootstrap_reserved_versions_preserve_compatibility_variables)	default_serial_pass	not_needed	resource_contention_or_budget_boundary	7	one_exact_test_per_failure_package
TIMEOUT	10.009s	astersql-session	astersql-session	runtime::normal_ddl_masking_policy_test::masking_policy_dxf_foreign_runtime_checks_store_and_releases_holders	binary_id(=astersql-session) & test(=runtime::normal_ddl_masking_policy_test::masking_policy_dxf_foreign_runtime_checks_store_and_releases_holders)	default_serial_pass	not_needed	resource_contention_or_budget_boundary	7	one_exact_test_per_failure_package
TIMEOUT	10.010s	astersql-session	astersql-session	runtime::normal_ddl_masking_policy_test::masking_policy_operations_require_system_table_with_failpoint	binary_id(=astersql-session) & test(=runtime::normal_ddl_masking_policy_test::masking_policy_operations_require_system_table_with_failpoint)	default_serial_pass	not_needed	resource_contention_or_budget_boundary	7	one_exact_test_per_failure_package
TIMEOUT	10.010s	astersql-session	astersql-session	runtime::normal_ddl_masking_policy_test::masking_policy_restart_preserves_renamed_system_table	binary_id(=astersql-session) & test(=runtime::normal_ddl_masking_policy_test::masking_policy_restart_preserves_renamed_system_table)	default_serial_pass	not_needed	resource_contention_or_budget_boundary	7	one_exact_test_per_failure_package
TIMEOUT	10.013s	astersql-session	astersql-session	runtime::normal_ddl_masking_policy_test::masking_policy_serving_factory_backfills_named_keyspace	binary_id(=astersql-session) & test(=runtime::normal_ddl_masking_policy_test::masking_policy_serving_factory_backfills_named_keyspace)	default_serial_pass	not_needed	resource_contention_or_budget_boundary	7	one_exact_test_per_failure_package
TIMEOUT	10.009s	astersql-session	astersql-session	runtime::normal_ddl_masking_policy_test::masking_policy_serving_factory_installs_durable_modify_column_path	binary_id(=astersql-session) & test(=runtime::normal_ddl_masking_policy_test::masking_policy_serving_factory_installs_durable_modify_column_path)	default_serial_pass	not_needed	resource_contention_or_budget_boundary	7	one_exact_test_per_failure_package
TIMEOUT	10.012s	astersql-session	astersql-session	runtime::normal_ddl_masking_policy_test::masking_policy_sql_modify_cloud_reorg_runs_forced_merge_stage	binary_id(=astersql-session) & test(=runtime::normal_ddl_masking_policy_test::masking_policy_sql_modify_cloud_reorg_runs_forced_merge_stage)	default_serial_pass	not_needed	resource_contention_or_budget_boundary	7	one_exact_test_per_failure_package
TIMEOUT	10.010s	astersql-session	astersql-session	runtime::normal_ddl_masking_policy_test::masking_policy_sql_modify_cloud_reorg_uses_durable_object_stages	binary_id(=astersql-session) & test(=runtime::normal_ddl_masking_policy_test::masking_policy_sql_modify_cloud_reorg_uses_durable_object_stages)	default_serial_pass	not_needed	resource_contention_or_budget_boundary	7	one_exact_test_per_failure_package
TIMEOUT	10.010s	astersql-session	astersql-session	runtime::normal_ddl_masking_policy_test::masking_policy_sql_modify_datetime_to_timestamp_converts_local_calendar	binary_id(=astersql-session) & test(=runtime::normal_ddl_masking_policy_test::masking_policy_sql_modify_datetime_to_timestamp_converts_local_calendar)	default_serial_pass	not_needed	resource_contention_or_budget_boundary	7	one_exact_test_per_failure_package
TIMEOUT	10.010s	astersql-session	astersql-session	runtime::normal_ddl_masking_policy_test::masking_policy_sql_modify_dist_reorg_backfills_all_partitions	binary_id(=astersql-session) & test(=runtime::normal_ddl_masking_policy_test::masking_policy_sql_modify_dist_reorg_backfills_all_partitions)	default_serial_pass	not_needed	resource_contention_or_budget_boundary	7	one_exact_test_per_failure_package
TIMEOUT	10.008s	astersql-session	astersql-session	runtime::normal_ddl_masking_policy_test::masking_policy_sql_modify_dist_reorg_counts_rows_once_for_multiple_indexes	binary_id(=astersql-session) & test(=runtime::normal_ddl_masking_policy_test::masking_policy_sql_modify_dist_reorg_counts_rows_once_for_multiple_indexes)	default_serial_pass	not_needed	resource_contention_or_budget_boundary	7	one_exact_test_per_failure_package
TIMEOUT	10.013s	astersql-session	astersql-session	runtime::normal_ddl_masking_policy_test::masking_policy_sql_modify_dist_reorg_executes_persistent_subtasks	binary_id(=astersql-session) & test(=runtime::normal_ddl_masking_policy_test::masking_policy_sql_modify_dist_reorg_executes_persistent_subtasks)	default_serial_pass	not_needed	resource_contention_or_budget_boundary	7	one_exact_test_per_failure_package
TIMEOUT	10.045s	astersql-session	astersql-session	runtime::normal_ddl_masking_policy_test::masking_policy_sql_modify_dist_reorg_pauses_and_resumes	binary_id(=astersql-session) & test(=runtime::normal_ddl_masking_policy_test::masking_policy_sql_modify_dist_reorg_pauses_and_resumes)	default_serial_pass	not_needed	resource_contention_or_budget_boundary	7	one_exact_test_per_failure_package
FAIL	9.938s	astersql-session	astersql-session	runtime::normal_ddl_masking_policy_test::masking_policy_sql_modify_dist_reorg_tunes_actual_worker_lifetimes	binary_id(=astersql-session) & test(=runtime::normal_ddl_masking_policy_test::masking_policy_sql_modify_dist_reorg_tunes_actual_worker_lifetimes)	default_serial_pass	not_needed	resource_contention_or_budget_boundary	7	one_exact_test_per_failure_package
TIMEOUT	10.008s	astersql-session	astersql-session	runtime::normal_ddl_masking_policy_test::masking_policy_sql_modify_dist_reorg_uses_named_node_scope	binary_id(=astersql-session) & test(=runtime::normal_ddl_masking_policy_test::masking_policy_sql_modify_dist_reorg_uses_named_node_scope)	default_serial_pass	not_needed	resource_contention_or_budget_boundary	7	one_exact_test_per_failure_package
TIMEOUT	10.010s	astersql-session	astersql-session	runtime::normal_ddl_masking_policy_test::masking_policy_sql_modify_index_reorg_preserves_column_and_row_ids	binary_id(=astersql-session) & test(=runtime::normal_ddl_masking_policy_test::masking_policy_sql_modify_index_reorg_preserves_column_and_row_ids)	default_serial_pass	not_needed	resource_contention_or_budget_boundary	7	one_exact_test_per_failure_package
TIMEOUT	10.010s	astersql-session	astersql-session	runtime::normal_ddl_masking_policy_test::masking_policy_sql_modify_ingest_rebuilds_secondary_index	binary_id(=astersql-session) & test(=runtime::normal_ddl_masking_policy_test::masking_policy_sql_modify_ingest_rebuilds_secondary_index)	default_serial_pass	not_needed	resource_contention_or_budget_boundary	7	one_exact_test_per_failure_package
TIMEOUT	10.012s	astersql-session	astersql-session	runtime::normal_ddl_masking_policy_test::masking_policy_sql_modify_reorg_analyzes_changing_index	binary_id(=astersql-session) & test(=runtime::normal_ddl_masking_policy_test::masking_policy_sql_modify_reorg_analyzes_changing_index)	default_serial_pass	not_needed	resource_contention_or_budget_boundary	7	one_exact_test_per_failure_package
TIMEOUT	10.015s	astersql-session	astersql-session	runtime::normal_ddl_masking_policy_test::masking_policy_sql_modify_reorg_rebuilds_secondary_index	binary_id(=astersql-session) & test(=runtime::normal_ddl_masking_policy_test::masking_policy_sql_modify_reorg_rebuilds_secondary_index)	default_serial_pass	not_needed	resource_contention_or_budget_boundary	7	one_exact_test_per_failure_package
TIMEOUT	10.009s	astersql-session	astersql-session	runtime::normal_ddl_masking_policy_test::masking_policy_sql_table_actions_use_persistent_worker	binary_id(=astersql-session) & test(=runtime::normal_ddl_masking_policy_test::masking_policy_sql_table_actions_use_persistent_worker)	default_serial_pass	not_needed	resource_contention_or_budget_boundary	7	one_exact_test_per_failure_package
TIMEOUT	10.012s	astersql-session	astersql-session	runtime::normal_ddl_masking_policy_test::masking_policy_sql_varchar_to_char_precheck_preserves_value_semantics	binary_id(=astersql-session) & test(=runtime::normal_ddl_masking_policy_test::masking_policy_sql_varchar_to_char_precheck_preserves_value_semantics)	default_serial_pass	not_needed	resource_contention_or_budget_boundary	7	one_exact_test_per_failure_package
TIMEOUT	10.035s	astersql-session	astersql-session	runtime::normal_ddl_masking_policy_test::masking_policy_upgrade_189_254_279_recreates_missing_masking_table_after_restart	binary_id(=astersql-session) & test(=runtime::normal_ddl_masking_policy_test::masking_policy_upgrade_189_254_279_recreates_missing_masking_table_after_restart)	default_serial_pass	not_needed	resource_contention_or_budget_boundary	7	one_exact_test_per_failure_package
TIMEOUT	10.041s	astersql-session	astersql-session	runtime::normal_ddl_masking_policy_test::modify_column_persistent_reorg_final_syncs_new_column_id	binary_id(=astersql-session) & test(=runtime::normal_ddl_masking_policy_test::modify_column_persistent_reorg_final_syncs_new_column_id)	default_serial_pass	not_needed	resource_contention_or_budget_boundary	7	one_exact_test_per_failure_package
TIMEOUT	10.014s	astersql-session	astersql-session	runtime::normal_ddl_masking_policy_test::modify_column_policy_validation_preserves_metadata_and_policy	binary_id(=astersql-session) & test(=runtime::normal_ddl_masking_policy_test::modify_column_policy_validation_preserves_metadata_and_policy)	default_serial_pass	not_needed	resource_contention_or_budget_boundary	7	one_exact_test_per_failure_package
TIMEOUT	10.027s	astersql-session	astersql-session	runtime::normal_ddl_test::crossks_align_normal_ddl_metadata_comment_preserves_full_table_and_multi_boundary	binary_id(=astersql-session) & test(=runtime::normal_ddl_test::crossks_align_normal_ddl_metadata_comment_preserves_full_table_and_multi_boundary)	default_serial_pass	not_needed	resource_contention_or_budget_boundary	7	one_exact_test_per_failure_package
TIMEOUT	10.012s	astersql-session	astersql-session	runtime::normal_ddl_test::crossks_align_normal_ddl_missing_nonpublic_and_unknown_mode_cancel_without_mutation	binary_id(=astersql-session) & test(=runtime::normal_ddl_test::crossks_align_normal_ddl_missing_nonpublic_and_unknown_mode_cancel_without_mutation)	default_serial_pass	not_needed	resource_contention_or_budget_boundary	7	one_exact_test_per_failure_package
TIMEOUT	10.023s	astersql-session	astersql-session	runtime::normal_ddl_test::crossks_align_normal_ddl_pause_cancel_and_invalid_transition_preserve_metadata	binary_id(=astersql-session) & test(=runtime::normal_ddl_test::crossks_align_normal_ddl_pause_cancel_and_invalid_transition_preserve_metadata)	default_serial_pass	not_needed	resource_contention_or_budget_boundary	7	one_exact_test_per_failure_package
FAIL	6.651s	astersql-session	astersql-session	runtime::normal_ddl_test::crossks_align_normal_ddl_unavailable_handler_preserves_legal_job_without_cancellation	binary_id(=astersql-session) & test(=runtime::normal_ddl_test::crossks_align_normal_ddl_unavailable_handler_preserves_legal_job_without_cancellation)	default_serial_pass	not_needed	resource_contention_or_budget_boundary	7	one_exact_test_per_failure_package
TIMEOUT	10.011s	astersql-session	astersql-session	runtime::normal_ddl_test::normal_ddl_materialized_view_refresh_and_log_purge_update_metadata_and_publish_events	binary_id(=astersql-session) & test(=runtime::normal_ddl_test::normal_ddl_materialized_view_refresh_and_log_purge_update_metadata_and_publish_events)	default_serial_pass	not_needed	resource_contention_or_budget_boundary	7	one_exact_test_per_failure_package
TIMEOUT	10.008s	astersql-session	astersql-session	runtime::normal_ddl_test::normal_ddl_plan_backfill_owner_fences_loss_cancel_pause_and_same_owner_new_term	binary_id(=astersql-session) & test(=runtime::normal_ddl_test::normal_ddl_plan_backfill_owner_fences_loss_cancel_pause_and_same_owner_new_term)	default_serial_pass	not_needed	resource_contention_or_budget_boundary	7	one_exact_test_per_failure_package
TIMEOUT	10.012s	astersql-session	astersql-session	runtime::normal_ddl_test::normal_ddl_plan_backfill_owner_preserves_ingest_dxf_selection	binary_id(=astersql-session) & test(=runtime::normal_ddl_test::normal_ddl_plan_backfill_owner_preserves_ingest_dxf_selection)	default_serial_pass	not_needed	resource_contention_or_budget_boundary	7	one_exact_test_per_failure_package
TIMEOUT	10.011s	astersql-session	astersql-session	runtime::normal_ddl_test::normal_ddl_plan_delete_range_finished_action_matrix_and_v1	binary_id(=astersql-session) & test(=runtime::normal_ddl_test::normal_ddl_plan_delete_range_finished_action_matrix_and_v1)	default_serial_pass	not_needed	resource_contention_or_budget_boundary	7	one_exact_test_per_failure_package
TIMEOUT	10.012s	astersql-session	astersql-session	runtime::normal_ddl_test::normal_ddl_plan_expression_validation_check_loading_go_boundaries	binary_id(=astersql-session) & test(=runtime::normal_ddl_test::normal_ddl_plan_expression_validation_check_loading_go_boundaries)	default_serial_pass	not_needed	resource_contention_or_budget_boundary	7	one_exact_test_per_failure_package
TIMEOUT	10.020s	astersql-session	astersql-session	runtime::normal_ddl_test::normal_ddl_plan_expression_validation_generated_and_defaults	binary_id(=astersql-session) & test(=runtime::normal_ddl_test::normal_ddl_plan_expression_validation_generated_and_defaults)	default_serial_pass	not_needed	resource_contention_or_budget_boundary	7	one_exact_test_per_failure_package
TIMEOUT	10.153s	astersql-session	astersql-session	runtime::normal_ddl_test::normal_ddl_plan_expression_validation_rejects_generated_and_default_errors	binary_id(=astersql-session) & test(=runtime::normal_ddl_test::normal_ddl_plan_expression_validation_rejects_generated_and_default_errors)	default_serial_pass	not_needed	resource_contention_or_budget_boundary	7	one_exact_test_per_failure_package
TIMEOUT	10.015s	astersql-session	astersql-session	runtime::normal_ddl_test::normal_ddl_plan_notifier_v1_multi_boundary_keys_and_validation	binary_id(=astersql-session) & test(=runtime::normal_ddl_test::normal_ddl_plan_notifier_v1_multi_boundary_keys_and_validation)	default_serial_pass	not_needed	resource_contention_or_budget_boundary	7	one_exact_test_per_failure_package
TIMEOUT	10.010s	astersql-session	astersql-session	runtime::normal_ddl_test::normal_ddl_plan_schema_barrier_owner_loss_close_and_deadline_interrupt_wait	binary_id(=astersql-session) & test(=runtime::normal_ddl_test::normal_ddl_plan_schema_barrier_owner_loss_close_and_deadline_interrupt_wait)	default_serial_pass	not_needed	resource_contention_or_budget_boundary	7	one_exact_test_per_failure_package
FAIL	7.623s	astersql-session	astersql-session	runtime::normal_ddl_test::normal_ddl_plan_schema_barrier_unsynced_nodes_prevent_history_and_restart_recovers	binary_id(=astersql-session) & test(=runtime::normal_ddl_test::normal_ddl_plan_schema_barrier_unsynced_nodes_prevent_history_and_restart_recovers)	default_serial_pass	not_needed	resource_contention_or_budget_boundary	7	one_exact_test_per_failure_package
TIMEOUT	10.040s	astersql-session	astersql-session	runtime::normal_ddl_test::normal_ddl_plan_schema_barrier_publication_deadline_matches_go_mdl_branch	binary_id(=astersql-session) & test(=runtime::normal_ddl_test::normal_ddl_plan_schema_barrier_publication_deadline_matches_go_mdl_branch)	default_serial_pass	not_needed	resource_contention_or_budget_boundary	7	one_exact_test_per_failure_package
FAIL	6.591s	astersql-session	astersql-session	runtime::normal_ddl_test::normal_ddl_plan_table_validation_partial_index_is_explicitly_deferred	binary_id(=astersql-session) & test(=runtime::normal_ddl_test::normal_ddl_plan_table_validation_partial_index_is_explicitly_deferred)	default_serial_pass	not_needed	resource_contention_or_budget_boundary	7	one_exact_test_per_failure_package
TIMEOUT	10.013s	astersql-session	astersql-session	runtime::normal_ddl_test::normal_ddl_plan_table_validation_checked_update_commit_rollback_and_skip_version	binary_id(=astersql-session) & test(=runtime::normal_ddl_test::normal_ddl_plan_table_validation_checked_update_commit_rollback_and_skip_version)	default_serial_pass	not_needed	resource_contention_or_budget_boundary	7	one_exact_test_per_failure_package
TIMEOUT	10.034s	astersql-session	astersql-session	runtime::normal_ddl_test::normal_ddl_plan_table_validation_go_offsets_cache_and_primary_exceptions	binary_id(=astersql-session) & test(=runtime::normal_ddl_test::normal_ddl_plan_table_validation_go_offsets_cache_and_primary_exceptions)	default_serial_pass	not_needed	resource_contention_or_budget_boundary	7	one_exact_test_per_failure_package
TIMEOUT	10.008s	astersql-session	astersql-session	runtime::normal_ddl_test::normal_ddl_plan_table_validation_invisible_explicit_and_implicit_primary	binary_id(=astersql-session) & test(=runtime::normal_ddl_test::normal_ddl_plan_table_validation_invisible_explicit_and_implicit_primary)	default_serial_pass	not_needed	resource_contention_or_budget_boundary	7	one_exact_test_per_failure_package
TIMEOUT	10.012s	astersql-session	astersql-session	runtime::normal_ddl_test::normal_ddl_plan_table_validation_partition_structure_and_deferred_loading	binary_id(=astersql-session) & test(=runtime::normal_ddl_test::normal_ddl_plan_table_validation_partition_structure_and_deferred_loading)	default_serial_pass	not_needed	resource_contention_or_budget_boundary	7	one_exact_test_per_failure_package
TIMEOUT	10.029s	astersql-session	astersql-session	runtime::normal_ddl_test::normal_ddl_plan_table_validation_rejects_none_states_atomically	binary_id(=astersql-session) & test(=runtime::normal_ddl_test::normal_ddl_plan_table_validation_rejects_none_states_atomically)	default_serial_pass	not_needed	resource_contention_or_budget_boundary	7	one_exact_test_per_failure_package
TIMEOUT	10.008s	astersql-session	astersql-session	runtime::normal_ddl_test::normal_ddl_plan_transaction_context_atomic_commit_rollback_and_retry	binary_id(=astersql-session) & test(=runtime::normal_ddl_test::normal_ddl_plan_transaction_context_atomic_commit_rollback_and_retry)	default_serial_pass	not_needed	resource_contention_or_budget_boundary	7	one_exact_test_per_failure_package
FAIL	0.266s	astersql-session	astersql-session	runtime::scan_adapter_runtime_test::finish_execute_stmt_skips_restricted_statement_duration	binary_id(=astersql-session) & test(=runtime::scan_adapter_runtime_test::finish_execute_stmt_skips_restricted_statement_duration)	default_serial_pass	not_needed	resource_contention_or_budget_boundary	7	one_exact_test_per_failure_package
TIMEOUT	10.027s	astersql-session	astersql-session	runtime::scan_adapter_runtime_test::execute_statement_ru_post_compile_outcome_and_terminal	binary_id(=astersql-session) & test(=runtime::scan_adapter_runtime_test::execute_statement_ru_post_compile_outcome_and_terminal)	default_serial_pass	not_needed	resource_contention_or_budget_boundary	7	one_exact_test_per_failure_package
FAIL	0.235s	astersql-session	astersql-session	runtime::scan_adapter_runtime_test::transactional_dml_uses_dml_timeout	binary_id(=astersql-session) & test(=runtime::scan_adapter_runtime_test::transactional_dml_uses_dml_timeout)	default_serial_pass	not_needed	resource_contention_or_budget_boundary	7	one_exact_test_per_failure_package
TIMEOUT	10.063s	astersql-session	astersql-session	runtime::scan_adapter_runtime_test::explain_statement_ru_post_compile_outcome_and_terminal	binary_id(=astersql-session) & test(=runtime::scan_adapter_runtime_test::explain_statement_ru_post_compile_outcome_and_terminal)	default_serial_pass	not_needed	resource_contention_or_budget_boundary	7	one_exact_test_per_failure_package
TIMEOUT	10.033s	astersql-session	astersql-session	runtime::scan_adapter_runtime_test::file_transfer_result_set_statement_ru_post_compile_outcome_and_terminal	binary_id(=astersql-session) & test(=runtime::scan_adapter_runtime_test::file_transfer_result_set_statement_ru_post_compile_outcome_and_terminal)	default_serial_pass	not_needed	resource_contention_or_budget_boundary	7	one_exact_test_per_failure_package
TIMEOUT	10.051s	astersql-session	astersql-session	runtime::scan_adapter_runtime_test::file_transfer_statement_ru_post_compile_outcome_and_terminal	binary_id(=astersql-session) & test(=runtime::scan_adapter_runtime_test::file_transfer_statement_ru_post_compile_outcome_and_terminal)	default_serial_pass	not_needed	resource_contention_or_budget_boundary	7	one_exact_test_per_failure_package
TIMEOUT	10.059s	astersql-session	astersql-session	runtime::scan_adapter_runtime_test::go_merge_20_187_195_197_production_ru_point_collects_evidence	binary_id(=astersql-session) & test(=runtime::scan_adapter_runtime_test::go_merge_20_187_195_197_production_ru_point_collects_evidence)	default_serial_pass	not_needed	resource_contention_or_budget_boundary	7	one_exact_test_per_failure_package
TIMEOUT	10.129s	astersql-session	astersql-session	runtime::scan_adapter_runtime_test::prepared_statement_ru_post_compile_outcome_and_terminal	binary_id(=astersql-session) & test(=runtime::scan_adapter_runtime_test::prepared_statement_ru_post_compile_outcome_and_terminal)	default_serial_pass	not_needed	resource_contention_or_budget_boundary	7	one_exact_test_per_failure_package
TIMEOUT	10.048s	astersql-session	astersql-session	runtime::system_session::normal_ddl_create_materialized_view_log_test::normal_ddl_plan_create_materialized_view_log_1_bad_wire_and_schema	binary_id(=astersql-session) & test(=runtime::system_session::normal_ddl_create_materialized_view_log_test::normal_ddl_plan_create_materialized_view_log_1_bad_wire_and_schema)	default_serial_pass	not_needed	resource_contention_or_budget_boundary	7	one_exact_test_per_failure_package
TIMEOUT	10.028s	astersql-session	astersql-session	runtime::system_session::normal_ddl_create_materialized_view_log_test::normal_ddl_plan_create_materialized_view_log_1_metadata_and_args	binary_id(=astersql-session) & test(=runtime::system_session::normal_ddl_create_materialized_view_log_test::normal_ddl_plan_create_materialized_view_log_1_metadata_and_args)	default_serial_pass	not_needed	resource_contention_or_budget_boundary	7	one_exact_test_per_failure_package
TIMEOUT	10.014s	astersql-session	astersql-session	runtime::system_session::normal_ddl_create_materialized_view_log_test::normal_ddl_plan_create_materialized_view_log_1_rejects_invalid_metadata	binary_id(=astersql-session) & test(=runtime::system_session::normal_ddl_create_materialized_view_log_test::normal_ddl_plan_create_materialized_view_log_1_rejects_invalid_metadata)	default_serial_pass	not_needed	resource_contention_or_budget_boundary	7	one_exact_test_per_failure_package
TIMEOUT	10.027s	astersql-session	astersql-session	runtime::system_session::normal_ddl_create_materialized_view_log_test::normal_ddl_plan_create_materialized_view_log_1_rollback_existing_metadata	binary_id(=astersql-session) & test(=runtime::system_session::normal_ddl_create_materialized_view_log_test::normal_ddl_plan_create_materialized_view_log_1_rollback_existing_metadata)	default_serial_pass	not_needed	resource_contention_or_budget_boundary	7	one_exact_test_per_failure_package
TIMEOUT	10.012s	astersql-session	astersql-session	runtime::system_session::normal_ddl_create_materialized_view_log_test::normal_ddl_plan_create_materialized_view_log_1_schedule_matrix	binary_id(=astersql-session) & test(=runtime::system_session::normal_ddl_create_materialized_view_log_test::normal_ddl_plan_create_materialized_view_log_1_schedule_matrix)	default_serial_pass	not_needed	resource_contention_or_budget_boundary	7	one_exact_test_per_failure_package
TIMEOUT	10.018s	astersql-session	astersql-session	runtime::system_session::normal_ddl_create_materialized_view_log_test::normal_ddl_plan_create_materialized_view_log_2_barrier_recovery_and_payload	binary_id(=astersql-session) & test(=runtime::system_session::normal_ddl_create_materialized_view_log_test::normal_ddl_plan_create_materialized_view_log_2_barrier_recovery_and_payload)	default_serial_pass	not_needed	resource_contention_or_budget_boundary	7	one_exact_test_per_failure_package
TIMEOUT	10.029s	astersql-session	astersql-session	runtime::system_session::normal_ddl_create_materialized_view_log_test::normal_ddl_plan_create_materialized_view_log_2_maintenance_dml_retry	binary_id(=astersql-session) & test(=runtime::system_session::normal_ddl_create_materialized_view_log_test::normal_ddl_plan_create_materialized_view_log_2_maintenance_dml_retry)	default_serial_pass	not_needed	resource_contention_or_budget_boundary	7	one_exact_test_per_failure_package
TIMEOUT	10.098s	astersql-session	astersql-session	runtime::ttl_sysvar_test::external_controller_startup_failures_are_fatal_only_for_dedicated_gcv2	binary_id(=astersql-session) & test(=runtime::ttl_sysvar_test::external_controller_startup_failures_are_fatal_only_for_dedicated_gcv2)	default_serial_pass	not_needed	resource_contention_or_budget_boundary	7	one_exact_test_per_failure_package
TIMEOUT	10.014s	astersql-session	astersql-session	runtime::ttl_sysvar_test::initialize_gcv2_reads_effective_sql_lifetime_and_cleans_failed_manager	binary_id(=astersql-session) & test(=runtime::ttl_sysvar_test::initialize_gcv2_reads_effective_sql_lifetime_and_cleans_failed_manager)	default_serial_pass	not_needed	resource_contention_or_budget_boundary	7	one_exact_test_per_failure_package
TIMEOUT	10.011s	astersql-session	astersql-session	runtime::ttl_sysvar_test::set_global_gc_lifetime_notifies_effective_value	binary_id(=astersql-session) & test(=runtime::ttl_sysvar_test::set_global_gc_lifetime_notifies_effective_value)	default_serial_pass	not_needed	resource_contention_or_budget_boundary	7	one_exact_test_per_failure_package
TIMEOUT	10.168s	astersql-session	astersql-session	runtime::ttl_worker_session_test::ttl_delete_rechecks_strict_temporal_boundary_after_global_timezone_changes	binary_id(=astersql-session) & test(=runtime::ttl_worker_session_test::ttl_delete_rechecks_strict_temporal_boundary_after_global_timezone_changes)	default_serial_pass	not_needed	resource_contention_or_budget_boundary	7	one_exact_test_per_failure_package
TIMEOUT	10.040s	astersql-session	astersql-session	runtime::ttl_worker_session_test::ttl_sql_session_preparation_restores_real_variables	binary_id(=astersql-session) & test(=runtime::ttl_worker_session_test::ttl_sql_session_preparation_restores_real_variables)	default_serial_pass	not_needed	resource_contention_or_budget_boundary	7	one_exact_test_per_failure_package
TIMEOUT	10.012s	astersql-session	astersql-session	runtime::ttl_worker_session_test::ttl_timestamp_pagination_preserves_instants_across_time_zones	binary_id(=astersql-session) & test(=runtime::ttl_worker_session_test::ttl_timestamp_pagination_preserves_instants_across_time_zones)	default_serial_pass	not_needed	resource_contention_or_budget_boundary	7	one_exact_test_per_failure_package
TIMEOUT	10.012s	astersql-session	astersql-session	runtime_statistics_test::combined_merge_sql_100010_rows_seven_partitions	binary_id(=astersql-session) & test(=runtime_statistics_test::combined_merge_sql_100010_rows_seven_partitions)	default_serial_pass	not_needed	resource_contention_or_budget_boundary	7	one_exact_test_per_failure_package
TIMEOUT	10.108s	astersql-session	astersql-session	runtime_statistics_test::combined_merge_sql_53_partitions_diverse_distributions_repeatable	binary_id(=astersql-session) & test(=runtime_statistics_test::combined_merge_sql_53_partitions_diverse_distributions_repeatable)	default_serial_pass	not_needed	resource_contention_or_budget_boundary	7	one_exact_test_per_failure_package
TIMEOUT	10.059s	astersql-session	astersql-session	starter_bootstrap_file_test::starter_privilege_reset_batches_large_user_table_and_preserves_password_history	binary_id(=astersql-session) & test(=starter_bootstrap_file_test::starter_privilege_reset_batches_large_user_table_and_preserves_password_history)	default_serial_pass	not_needed	resource_contention_or_budget_boundary	7	one_exact_test_per_failure_package
FAIL	0.094s	astersql-session	astersql-session	upgrade_backfill_test::upgrade_backfills_and_preserves_values	binary_id(=astersql-session) & test(=upgrade_backfill_test::upgrade_backfills_and_preserves_values)	default_serial_pass	not_needed	resource_contention_or_budget_boundary	7	one_exact_test_per_failure_package
FAIL	0.084s	astersql-session	astersql-session	upgrade_def_test::upgrade_functions_match_go_order_and_current_version	binary_id(=astersql-session) & test(=upgrade_def_test::upgrade_functions_match_go_order_and_current_version)	default_serial_pass	not_needed	resource_contention_or_budget_boundary	7	one_exact_test_per_failure_package
TIMEOUT	10.012s	astersql-session	astersql-session	tidb_test::global_variable_init_domain_skips_claim_and_serving_domain_warns_once	binary_id(=astersql-session) & test(=tidb_test::global_variable_init_domain_skips_claim_and_serving_domain_warns_once)	default_serial_pass	not_needed	resource_contention_or_budget_boundary	7	one_exact_test_per_failure_package
TIMEOUT	10.008s	astersql-session	astersql-session::paging_rpc	global_budget_updates_preserve_all_rpc_pages_and_full_sql_results	binary_id(=astersql-session::paging_rpc) & test(=global_budget_updates_preserve_all_rpc_pages_and_full_sql_results)	default_serial_pass	not_needed	resource_contention_or_budget_boundary	7	one_exact_test_per_failure_package
TIMEOUT	10.010s	astersql-session	astersql-session::system_session	crossks_align_system_session_register_cancel_and_close	binary_id(=astersql-session::system_session) & test(=crossks_align_system_session_register_cancel_and_close)	default_serial_pass	not_needed	resource_contention_or_budget_boundary	7	one_exact_test_per_failure_package
TIMEOUT	10.037s	astersql-session-cursor	astersql-session-cursor	migration_aster_unit_test::tests::concurrent_create_and_range_delete_is_safe	binary_id(=astersql-session-cursor) & test(=migration_aster_unit_test::tests::concurrent_create_and_range_delete_is_safe)	default_serial_pass	not_needed	resource_contention_or_budget_boundary	7	one_exact_test_per_failure_package
TIMEOUT	10.056s	astersql-session-cursor	astersql-session-cursor	tracker_test::TestCursorTrackerConcurrentCreateDelete	binary_id(=astersql-session-cursor) & test(=tracker_test::TestCursorTrackerConcurrentCreateDelete)	default_serial_pass	not_needed	resource_contention_or_budget_boundary	7	one_exact_test_per_failure_package
TIMEOUT	10.088s	astersql-session-test	astersql-session-test	session_test::fix_set_tidb_snapshot_ts_matches_go	binary_id(=astersql-session-test) & test(=session_test::fix_set_tidb_snapshot_ts_matches_go)	default_serial_pass	not_needed	resource_contention_or_budget_boundary	7	one_exact_test_per_failure_package
FAIL	6.547s	astersql-session-test	astersql-session-test	session_test::schema_checker_sql_matches_go_normal_and_partition_paths	binary_id(=astersql-session-test) & test(=session_test::schema_checker_sql_matches_go_normal_and_partition_paths)	default_serial_pass	not_needed	resource_contention_or_budget_boundary	7	one_exact_test_per_failure_package
TIMEOUT	10.010s	astersql-session-test-bootstraptest	astersql-session-test-bootstraptest	boot_test::analyze_version_upgrades_missing_and_legacy_values_to_two	binary_id(=astersql-session-test-bootstraptest) & test(=boot_test::analyze_version_upgrades_missing_and_legacy_values_to_two)	default_serial_timeout	long_budget_pass	completes_in_10_to_60_seconds	6	one_exact_test_per_failure_package
TIMEOUT	10.018s	astersql-session-test-bootstraptest	astersql-session-test-bootstraptest	boot_test::bootstrap_creates_ddl_notifier_table_at_current_ddl_version	binary_id(=astersql-session-test-bootstraptest) & test(=boot_test::bootstrap_creates_ddl_notifier_table_at_current_ddl_version)	default_serial_timeout	long_budget_pass	completes_in_10_to_60_seconds	6	one_exact_test_per_failure_package
TIMEOUT	10.010s	astersql-session-test-bootstraptest	astersql-session-test-bootstraptest	boot_test::bootstrap_system_timezone_query_survives_ansi_sql_mode	binary_id(=astersql-session-test-bootstraptest) & test(=boot_test::bootstrap_system_timezone_query_survives_ansi_sql_mode)	default_serial_timeout	long_budget_pass	completes_in_10_to_60_seconds	6	one_exact_test_per_failure_package
TIMEOUT	10.009s	astersql-session-test-bootstraptest	astersql-session-test-bootstraptest	boot_test::cost_model_upgrade_defaults_old_missing_to_one_and_preserves_existing_value	binary_id(=astersql-session-test-bootstraptest) & test(=boot_test::cost_model_upgrade_defaults_old_missing_to_one_and_preserves_existing_value)	default_serial_timeout	long_budget_pass	completes_in_10_to_60_seconds	6	one_exact_test_per_failure_package
TIMEOUT	10.017s	astersql-session-test-bootstraptest	astersql-session-test-bootstraptest	boot_test::default_analyze_background_only_affects_fresh_bootstrap	binary_id(=astersql-session-test-bootstraptest) & test(=boot_test::default_analyze_background_only_affects_fresh_bootstrap)	default_serial_timeout	long_budget_pass	completes_in_10_to_60_seconds	6	one_exact_test_per_failure_package
TIMEOUT	10.019s	astersql-session-test-bootstraptest	astersql-session-test-bootstraptest	boot_test::index_merge_upgrade_preserves_existing_choice_and_defaults_old_missing_to_off	binary_id(=astersql-session-test-bootstraptest) & test(=boot_test::index_merge_upgrade_preserves_existing_choice_and_defaults_old_missing_to_off)	default_serial_timeout	long_budget_pass	completes_in_10_to_60_seconds	6	one_exact_test_per_failure_package
TIMEOUT	10.010s	astersql-session-test-bootstraptest	astersql-session-test-bootstraptest	boot_test::materialized_view_system_tables_survive_rebootstrap	binary_id(=astersql-session-test-bootstraptest) & test(=boot_test::materialized_view_system_tables_survive_rebootstrap)	default_serial_timeout	long_budget_pass	completes_in_10_to_60_seconds	6	one_exact_test_per_failure_package
TIMEOUT	10.007s	astersql-session-test-bootstraptest	astersql-session-test-bootstraptest	boot_test::upgrade_135_initializes_advanced_join_hint_to_off	binary_id(=astersql-session-test-bootstraptest) & test(=boot_test::upgrade_135_initializes_advanced_join_hint_to_off)	default_serial_timeout	long_budget_pass	completes_in_10_to_60_seconds	6	one_exact_test_per_failure_package
TIMEOUT	10.008s	astersql-session-test-bootstraptest	astersql-session-test-bootstraptest	boot_test::upgrade_215_initializes_inl_join_inner_multi_pattern_to_off	binary_id(=astersql-session-test-bootstraptest) & test(=boot_test::upgrade_215_initializes_inl_join_inner_multi_pattern_to_off)	default_serial_timeout	long_budget_pass	completes_in_10_to_60_seconds	6	one_exact_test_per_failure_package
TIMEOUT	10.008s	astersql-session-test-bootstraptest	astersql-session-test-bootstraptest	boot_test::upgrade_59_writes_oom_compatibility_only_for_older_clusters	binary_id(=astersql-session-test-bootstraptest) & test(=boot_test::upgrade_59_writes_oom_compatibility_only_for_older_clusters)	default_serial_timeout	long_budget_pass	completes_in_10_to_60_seconds	6	one_exact_test_per_failure_package
TIMEOUT	10.033s	astersql-session-test-bootstraptest	astersql-session-test-bootstraptest	boot_test::upgrade_68_restores_clustered_index_default	binary_id(=astersql-session-test-bootstraptest) & test(=boot_test::upgrade_68_restores_clustered_index_default)	default_serial_timeout	long_budget_pass	completes_in_10_to_60_seconds	6	one_exact_test_per_failure_package
TIMEOUT	10.016s	astersql-session-test-bootstraptest	astersql-session-test-bootstraptest	boot_test::upgrade_97_initializes_opt_range_max_size_to_zero	binary_id(=astersql-session-test-bootstraptest) & test(=boot_test::upgrade_97_initializes_opt_range_max_size_to_zero)	default_serial_timeout	long_budget_pass	completes_in_10_to_60_seconds	6	one_exact_test_per_failure_package
TIMEOUT	10.160s	astersql-session-test-bootstraptest	astersql-session-test-bootstraptest	boot_test::upgrade_from_52_uses_current_memory_quota_without_legacy_tidb_row	binary_id(=astersql-session-test-bootstraptest) & test(=boot_test::upgrade_from_52_uses_current_memory_quota_without_legacy_tidb_row)	default_serial_timeout	long_budget_pass	completes_in_10_to_60_seconds	6	one_exact_test_per_failure_package
TIMEOUT	10.070s	astersql-session-test-bootstraptest2	astersql-session-test-bootstraptest2	boot_test::upgrade_from_177_rewrites_ddl_table_version_in_the_same_store	binary_id(=astersql-session-test-bootstraptest2) & test(=boot_test::upgrade_from_177_rewrites_ddl_table_version_in_the_same_store)	stable_failure	not_needed	stable_assertion_or_environment_failure	6	one_exact_test_per_failure_package
TIMEOUT	10.064s	astersql-session-test-bootstraptest2	astersql-session-test-bootstraptest2	boot_test::upgrade_from_178_is_nonfatal_for_both_dist_task_switch_values	binary_id(=astersql-session-test-bootstraptest2) & test(=boot_test::upgrade_from_178_is_nonfatal_for_both_dist_task_switch_values)	stable_failure	not_needed	stable_assertion_or_environment_failure	6	one_exact_test_per_failure_package
TIMEOUT	10.008s	astersql-session-test-bootstraptest2	astersql-session-test-bootstraptest2	boot_test::upgrade_from_178_is_nonfatal_for_every_dist_task_state	binary_id(=astersql-session-test-bootstraptest2) & test(=boot_test::upgrade_from_178_is_nonfatal_for_every_dist_task_state)	stable_failure	not_needed	stable_assertion_or_environment_failure	6	one_exact_test_per_failure_package
TIMEOUT	10.006s	astersql-session-test-bootstraptest2	astersql-session-test-bootstraptest2	boot_test::upgrade_from_178_keeps_global_variable_value_capacity	binary_id(=astersql-session-test-bootstraptest2) & test(=boot_test::upgrade_from_178_keeps_global_variable_value_capacity)	stable_failure	not_needed	stable_assertion_or_environment_failure	6	one_exact_test_per_failure_package
TIMEOUT	10.124s	astersql-session-test-bootstraptest2	astersql-session-test-bootstraptest2	boot_test::upgrade_from_198_exposes_runaway_query_columns	binary_id(=astersql-session-test-bootstraptest2) & test(=boot_test::upgrade_from_198_exposes_runaway_query_columns)	stable_failure	not_needed	stable_assertion_or_environment_failure	6	one_exact_test_per_failure_package
TIMEOUT	10.013s	astersql-session-test-bootstraptest2	astersql-session-test-bootstraptest2	boot_test::upgrade_from_210_restores_background_subtask_history_summary_column	binary_id(=astersql-session-test-bootstraptest2) & test(=boot_test::upgrade_from_210_restores_background_subtask_history_summary_column)	stable_failure	not_needed	stable_assertion_or_environment_failure	6	one_exact_test_per_failure_package
TIMEOUT	10.011s	astersql-session-test-clusteredindextest	astersql-session-test-clusteredindextest	clustered_index_test::partitioned_clustered_tables_match_normal_table_queries	binary_id(=astersql-session-test-clusteredindextest) & test(=clustered_index_test::partitioned_clustered_tables_match_normal_table_queries)	default_serial_pass	not_needed	resource_contention_or_budget_boundary	7	one_exact_test_per_failure_package
TIMEOUT	10.044s	astersql-session-test-temporarytabletest	astersql-session-test-temporarytabletest	temporary_table_test::local_temporary_table_delete_matches_go_transaction_matrix	binary_id(=astersql-session-test-temporarytabletest) & test(=temporary_table_test::local_temporary_table_delete_matches_go_transaction_matrix)	default_serial_pass	not_needed	resource_contention_or_budget_boundary	7	one_exact_test_per_failure_package
TIMEOUT	10.057s	astersql-session-test-temporarytabletest	astersql-session-test-temporarytabletest	temporary_table_test::local_temporary_table_update_matches_go_transaction_matrix	binary_id(=astersql-session-test-temporarytabletest) & test(=temporary_table_test::local_temporary_table_update_matches_go_transaction_matrix)	default_serial_pass	not_needed	resource_contention_or_budget_boundary	7	one_exact_test_per_failure_package
TIMEOUT	10.006s	astersql-session-test-txn	astersql-session-test-txn	txn_test::txn_lazy_initialize_matches_optimistic_and_pessimistic_modes	binary_id(=astersql-session-test-txn) & test(=txn_test::txn_lazy_initialize_matches_optimistic_and_pessimistic_modes)	default_serial_pass	not_needed	resource_contention_or_budget_boundary	7	one_exact_test_per_failure_package
TIMEOUT	10.017s	astersql-statistics	astersql-statistics	merge_global_test::combined_merge_production_scale_virtual_hist_chunking	binary_id(=astersql-statistics) & test(=merge_global_test::combined_merge_production_scale_virtual_hist_chunking)	default_serial_pass	not_needed	resource_contention_or_budget_boundary	8	one_exact_test_per_failure_package
TIMEOUT	10.134s	astersql-statistics-handle-handletest	astersql-statistics-handle-handletest	handle_test::go_test_incremental_modify_count_update	binary_id(=astersql-statistics-handle-handletest) & test(=handle_test::go_test_incremental_modify_count_update)	default_serial_pass	not_needed	resource_contention_or_budget_boundary	8	one_exact_test_per_failure_package
TIMEOUT	10.012s	astersql-statistics-handle-handletest-analyze	astersql-statistics-handle-handletest-analyze	analyze_test::TestAnalyzeGlobalStatsWithOpts1	binary_id(=astersql-statistics-handle-handletest-analyze) & test(=analyze_test::TestAnalyzeGlobalStatsWithOpts1)	default_serial_pass	not_needed	resource_contention_or_budget_boundary	8	one_exact_test_per_failure_package
TIMEOUT	10.010s	astersql-statistics-handle-handletest-analyze	astersql-statistics-handle-handletest-analyze	analyze_test::TestAnalyzeGlobalStatsWithOpts2	binary_id(=astersql-statistics-handle-handletest-analyze) & test(=analyze_test::TestAnalyzeGlobalStatsWithOpts2)	default_serial_pass	not_needed	resource_contention_or_budget_boundary	8	one_exact_test_per_failure_package
TIMEOUT	10.047s	astersql-statistics-handle-handletest-lockstats	astersql-statistics-handle-handletest-lockstats	lock_table_stats_test::concurrent_historical_meta_failpoint_guards_are_domain_scoped	binary_id(=astersql-statistics-handle-handletest-lockstats) & test(=lock_table_stats_test::concurrent_historical_meta_failpoint_guards_are_domain_scoped)	default_serial_pass	not_needed	resource_contention_or_budget_boundary	8	one_exact_test_per_failure_package
TIMEOUT	10.096s	astersql-statistics-handle-updatetest	astersql-statistics-handle-updatetest	update_test::go_test_collect_predicate_columns_from_execute	binary_id(=astersql-statistics-handle-updatetest) & test(=update_test::go_test_collect_predicate_columns_from_execute)	default_serial_pass	not_needed	resource_contention_or_budget_boundary	8	one_exact_test_per_failure_package
TIMEOUT	10.066s	astersql-statistics-handle-usage-indexusage	astersql-statistics-handle-usage-indexusage	collector_test::test_flush_concurrent_index_collector	binary_id(=astersql-statistics-handle-usage-indexusage) & test(=collector_test::test_flush_concurrent_index_collector)	default_serial_timeout	long_budget_pass	completes_in_10_to_60_seconds	8	one_exact_test_per_failure_package
TIMEOUT	10.013s	astersql-statistics-handle-usage-indexusage	astersql-statistics-handle-usage-indexusage	migration_aster_unit_test::concurrent_flush_matches_serial_aggregation	binary_id(=astersql-statistics-handle-usage-indexusage) & test(=migration_aster_unit_test::concurrent_flush_matches_serial_aggregation)	default_serial_timeout	long_budget_pass	completes_in_10_to_60_seconds	8	one_exact_test_per_failure_package
TIMEOUT	10.123s	astersql-store-mockstore-unistore-lockstore	astersql-store-mockstore-unistore-lockstore	lockstore_test::tests::test_mem_store_concurrent	binary_id(=astersql-store-mockstore-unistore-lockstore) & test(=lockstore_test::tests::test_mem_store_concurrent)	default_serial_timeout	long_budget_pass	completes_in_10_to_60_seconds	8	one_exact_test_per_failure_package
TIMEOUT	10.006s	astersql-testkit	astersql-testkit	cascades_compatibility_test::runs_each_compatibility_helper_only_with_cascades_off	binary_id(=astersql-testkit) & test(=cascades_compatibility_test::runs_each_compatibility_helper_only_with_cascades_off)	default_serial_pass	not_needed	resource_contention_or_budget_boundary	8	one_exact_test_per_failure_package
TIMEOUT	10.008s	astersql-testkit	astersql-testkit	mockstore_domain_ddl_test::cross_keyspace_cluster_uses_isolated_real_stores	binary_id(=astersql-testkit) & test(=mockstore_domain_ddl_test::cross_keyspace_cluster_uses_isolated_real_stores)	default_serial_pass	not_needed	resource_contention_or_budget_boundary	8	one_exact_test_per_failure_package
TIMEOUT	10.010s	astersql-testkit	astersql-testkit	stats_runtime_aster_unit_test::analyze_batch_save_failure_is_atomic_and_records_failed_jobs	binary_id(=astersql-testkit) & test(=stats_runtime_aster_unit_test::analyze_batch_save_failure_is_atomic_and_records_failed_jobs)	default_serial_pass	not_needed	resource_contention_or_budget_boundary	8	one_exact_test_per_failure_package
TIMEOUT	10.007s	astersql-testkit	astersql-testkit	stats_runtime_aster_unit_test::dynamic_partition_analyze_uses_requested_production_worker_concurrency	binary_id(=astersql-testkit) & test(=stats_runtime_aster_unit_test::dynamic_partition_analyze_uses_requested_production_worker_concurrency)	default_serial_pass	not_needed	resource_contention_or_budget_boundary	8	one_exact_test_per_failure_package
TIMEOUT	10.015s	astersql-tests-realtikvtest-addindextest	astersql-tests-realtikvtest-addindextest::add_index_test	test_add_foreign_key_with_auto_create_index	binary_id(=astersql-tests-realtikvtest-addindextest::add_index_test) & test(=test_add_foreign_key_with_auto_create_index)	default_serial_timeout	long_budget_pass	completes_in_10_to_60_seconds	10	one_exact_test_per_failure_package
TIMEOUT	10.052s	astersql-tests-realtikvtest-addindextest	astersql-tests-realtikvtest-addindextest::add_index_test	test_create_gen_col_index	binary_id(=astersql-tests-realtikvtest-addindextest::add_index_test) & test(=test_create_gen_col_index)	default_serial_timeout	long_budget_pass	completes_in_10_to_60_seconds	10	one_exact_test_per_failure_package
TIMEOUT	10.006s	astersql-tests-realtikvtest-addindextest	astersql-tests-realtikvtest-addindextest::add_index_test	test_create_multi_cols_index	binary_id(=astersql-tests-realtikvtest-addindextest::add_index_test) & test(=test_create_multi_cols_index)	default_serial_timeout	long_budget_pass	completes_in_10_to_60_seconds	10	one_exact_test_per_failure_package
TIMEOUT	10.010s	astersql-tests-realtikvtest-addindextest	astersql-tests-realtikvtest-addindextest::add_index_test	test_create_non_unique_index	binary_id(=astersql-tests-realtikvtest-addindextest::add_index_test) & test(=test_create_non_unique_index)	default_serial_timeout	long_budget_pass	completes_in_10_to_60_seconds	10	one_exact_test_per_failure_package
TIMEOUT	10.010s	astersql-tests-realtikvtest-addindextest	astersql-tests-realtikvtest-addindextest::add_index_test	test_create_primary_key	binary_id(=astersql-tests-realtikvtest-addindextest::add_index_test) & test(=test_create_primary_key)	default_serial_timeout	long_budget_pass	completes_in_10_to_60_seconds	10	one_exact_test_per_failure_package
TIMEOUT	10.021s	astersql-tests-realtikvtest-addindextest	astersql-tests-realtikvtest-addindextest::add_index_test	test_create_unique_index	binary_id(=astersql-tests-realtikvtest-addindextest::add_index_test) & test(=test_create_unique_index)	default_serial_timeout	long_budget_pass	completes_in_10_to_60_seconds	10	one_exact_test_per_failure_package
TIMEOUT	10.006s	astersql-tests-realtikvtest-addindextest	astersql-tests-realtikvtest-addindextest::concurrent_ddl_test	test_concurrent_ddl_create_gen_col_index	binary_id(=astersql-tests-realtikvtest-addindextest::concurrent_ddl_test) & test(=test_concurrent_ddl_create_gen_col_index)	default_serial_timeout	long_budget_pass	completes_in_10_to_60_seconds	10	one_exact_test_per_failure_package
TIMEOUT	10.006s	astersql-tests-realtikvtest-addindextest	astersql-tests-realtikvtest-addindextest::concurrent_ddl_test	test_concurrent_ddl_create_multi_cols_index	binary_id(=astersql-tests-realtikvtest-addindextest::concurrent_ddl_test) & test(=test_concurrent_ddl_create_multi_cols_index)	default_serial_timeout	long_budget_pass	completes_in_10_to_60_seconds	10	one_exact_test_per_failure_package
TIMEOUT	10.010s	astersql-tests-realtikvtest-addindextest	astersql-tests-realtikvtest-addindextest::concurrent_ddl_test	test_concurrent_ddl_create_non_unique_index	binary_id(=astersql-tests-realtikvtest-addindextest::concurrent_ddl_test) & test(=test_concurrent_ddl_create_non_unique_index)	default_serial_timeout	long_budget_pass	completes_in_10_to_60_seconds	10	one_exact_test_per_failure_package
TIMEOUT	10.024s	astersql-tests-realtikvtest-addindextest	astersql-tests-realtikvtest-addindextest::concurrent_ddl_test	test_concurrent_ddl_create_primary_key	binary_id(=astersql-tests-realtikvtest-addindextest::concurrent_ddl_test) & test(=test_concurrent_ddl_create_primary_key)	default_serial_timeout	long_budget_pass	completes_in_10_to_60_seconds	10	one_exact_test_per_failure_package
TIMEOUT	10.008s	astersql-tests-realtikvtest-addindextest	astersql-tests-realtikvtest-addindextest::concurrent_ddl_test	test_concurrent_ddl_create_unique_index	binary_id(=astersql-tests-realtikvtest-addindextest::concurrent_ddl_test) & test(=test_concurrent_ddl_create_unique_index)	default_serial_timeout	long_budget_pass	completes_in_10_to_60_seconds	10	one_exact_test_per_failure_package
TIMEOUT	10.016s	astersql-tests-realtikvtest-addindextest	astersql-tests-realtikvtest-addindextest::multi_schema_change_test	test_multi_schema_change_create_gen_col_index	binary_id(=astersql-tests-realtikvtest-addindextest::multi_schema_change_test) & test(=test_multi_schema_change_create_gen_col_index)	default_serial_timeout	long_budget_pass	completes_in_10_to_60_seconds	10	one_exact_test_per_failure_package
TIMEOUT	10.017s	astersql-tests-realtikvtest-addindextest	astersql-tests-realtikvtest-addindextest::multi_schema_change_test	test_multi_schema_change_create_non_unique_index	binary_id(=astersql-tests-realtikvtest-addindextest::multi_schema_change_test) & test(=test_multi_schema_change_create_non_unique_index)	default_serial_timeout	long_budget_pass	completes_in_10_to_60_seconds	10	one_exact_test_per_failure_package
TIMEOUT	10.008s	astersql-tests-realtikvtest-addindextest	astersql-tests-realtikvtest-addindextest::multi_schema_change_test	test_multi_schema_change_create_primary_key	binary_id(=astersql-tests-realtikvtest-addindextest::multi_schema_change_test) & test(=test_multi_schema_change_create_primary_key)	default_serial_timeout	long_budget_pass	completes_in_10_to_60_seconds	10	one_exact_test_per_failure_package
TIMEOUT	10.009s	astersql-tests-realtikvtest-addindextest	astersql-tests-realtikvtest-addindextest::multi_schema_change_test	test_multi_schema_change_create_unique_index	binary_id(=astersql-tests-realtikvtest-addindextest::multi_schema_change_test) & test(=test_multi_schema_change_create_unique_index)	default_serial_timeout	long_budget_pass	completes_in_10_to_60_seconds	10	one_exact_test_per_failure_package
TIMEOUT	10.014s	astersql-tests-realtikvtest-addindextest	astersql-tests-realtikvtest-addindextest::multi_schema_change_test	test_multi_schema_change_multi_cols_index	binary_id(=astersql-tests-realtikvtest-addindextest::multi_schema_change_test) & test(=test_multi_schema_change_multi_cols_index)	default_serial_timeout	long_budget_pass	completes_in_10_to_60_seconds	10	one_exact_test_per_failure_package
TIMEOUT	10.006s	astersql-tests-realtikvtest-addindextest	astersql-tests-realtikvtest-addindextest::pitr_test	test_pitr_create_gen_col_index	binary_id(=astersql-tests-realtikvtest-addindextest::pitr_test) & test(=test_pitr_create_gen_col_index)	default_serial_timeout	long_budget_pass	completes_in_10_to_60_seconds	10	one_exact_test_per_failure_package
TIMEOUT	10.027s	astersql-tests-realtikvtest-addindextest	astersql-tests-realtikvtest-addindextest::pitr_test	test_pitr_create_multi_cols_index	binary_id(=astersql-tests-realtikvtest-addindextest::pitr_test) & test(=test_pitr_create_multi_cols_index)	default_serial_timeout	long_budget_pass	completes_in_10_to_60_seconds	10	one_exact_test_per_failure_package
TIMEOUT	10.068s	astersql-tests-realtikvtest-addindextest	astersql-tests-realtikvtest-addindextest::pitr_test	test_pitr_create_non_unique_index	binary_id(=astersql-tests-realtikvtest-addindextest::pitr_test) & test(=test_pitr_create_non_unique_index)	default_serial_timeout	long_budget_pass	completes_in_10_to_60_seconds	10	one_exact_test_per_failure_package
TIMEOUT	10.012s	astersql-tests-realtikvtest-addindextest	astersql-tests-realtikvtest-addindextest::pitr_test	test_pitr_create_primary_key	binary_id(=astersql-tests-realtikvtest-addindextest::pitr_test) & test(=test_pitr_create_primary_key)	default_serial_timeout	long_budget_pass	completes_in_10_to_60_seconds	10	one_exact_test_per_failure_package
TIMEOUT	10.008s	astersql-tests-realtikvtest-addindextest	astersql-tests-realtikvtest-addindextest::pitr_test	test_pitr_create_unique_index	binary_id(=astersql-tests-realtikvtest-addindextest::pitr_test) & test(=test_pitr_create_unique_index)	default_serial_timeout	long_budget_pass	completes_in_10_to_60_seconds	10	one_exact_test_per_failure_package
TIMEOUT	10.019s	astersql-tests-realtikvtest-addindextest1	astersql-tests-realtikvtest-addindextest1::cross_ks_test	test_add_index_on_system_table	binary_id(=astersql-tests-realtikvtest-addindextest1::cross_ks_test) & test(=test_add_index_on_system_table)	default_serial_pass	not_needed	resource_contention_or_budget_boundary	10	one_exact_test_per_failure_package
TIMEOUT	10.142s	astersql-tests-realtikvtest-addindextest1	astersql-tests-realtikvtest-addindextest1::cross_ks_test	test_add_index_on_user_keyspace_with_different_new_collation	binary_id(=astersql-tests-realtikvtest-addindextest1::cross_ks_test) & test(=test_add_index_on_user_keyspace_with_different_new_collation)	default_serial_pass	not_needed	resource_contention_or_budget_boundary	10	one_exact_test_per_failure_package
TIMEOUT	10.048s	astersql-tests-realtikvtest-addindextest1	astersql-tests-realtikvtest-addindextest1::cross_ks_test	test_cross_ks_info_schema_sync	binary_id(=astersql-tests-realtikvtest-addindextest1::cross_ks_test) & test(=test_cross_ks_info_schema_sync)	default_serial_pass	not_needed	resource_contention_or_budget_boundary	10	one_exact_test_per_failure_package
TIMEOUT	10.008s	astersql-tests-realtikvtest-addindextest3	astersql-tests-realtikvtest-addindextest3::ingest_test	test_ingest_mv_index_on_partition_table	binary_id(=astersql-tests-realtikvtest-addindextest3::ingest_test) & test(=test_ingest_mv_index_on_partition_table)	default_serial_pass	not_needed	resource_contention_or_budget_boundary	10	one_exact_test_per_failure_package
TIMEOUT	10.021s	astersql-tests-realtikvtest-addindextest3	astersql-tests-realtikvtest-addindextest3::temp_index_test	test_merge_temp_index_basic	binary_id(=astersql-tests-realtikvtest-addindextest3::temp_index_test) & test(=test_merge_temp_index_basic)	default_serial_pass	not_needed	resource_contention_or_budget_boundary	10	one_exact_test_per_failure_package
TIMEOUT	10.044s	astersql-tests-realtikvtest-addindextest3	astersql-tests-realtikvtest-addindextest3::temp_index_test	test_merge_temp_index_stuck	binary_id(=astersql-tests-realtikvtest-addindextest3::temp_index_test) & test(=test_merge_temp_index_stuck)	default_serial_pass	not_needed	resource_contention_or_budget_boundary	10	one_exact_test_per_failure_package
TIMEOUT	10.108s	astersql-tests-realtikvtest-addindextest4	astersql-tests-realtikvtest-addindextest4::integration_test	test_add_index_resumes_from_checkpoint_after_partial_import	binary_id(=astersql-tests-realtikvtest-addindextest4::integration_test) & test(=test_add_index_resumes_from_checkpoint_after_partial_import)	default_serial_timeout	long_budget_pass	completes_in_10_to_60_seconds	10	one_exact_test_per_failure_package
TIMEOUT	10.008s	astersql-tests-realtikvtest-addindextest4	astersql-tests-realtikvtest-addindextest4::integration_test	test_add_index_resumes_from_checkpoint_after_partial_scan	binary_id(=astersql-tests-realtikvtest-addindextest4::integration_test) & test(=test_add_index_resumes_from_checkpoint_after_partial_scan)	default_serial_timeout	long_budget_pass	completes_in_10_to_60_seconds	10	one_exact_test_per_failure_package
TIMEOUT	10.009s	astersql-tests-realtikvtest-addindextest4	astersql-tests-realtikvtest-addindextest4::integration_test	test_multi_schema_change_analyze_only_once	binary_id(=astersql-tests-realtikvtest-addindextest4::integration_test) & test(=test_multi_schema_change_analyze_only_once)	default_serial_timeout	long_budget_pass	completes_in_10_to_60_seconds	10	one_exact_test_per_failure_package
TIMEOUT	10.007s	astersql-tests-realtikvtest-addindextest4	astersql-tests-realtikvtest-addindextest4::integration_test	test_multi_schema_change_two_indexes	binary_id(=astersql-tests-realtikvtest-addindextest4::integration_test) & test(=test_multi_schema_change_two_indexes)	default_serial_timeout	long_budget_pass	completes_in_10_to_60_seconds	10	one_exact_test_per_failure_package
FAIL	0.088s	astersql-tests-realtikvtest-importintotest4	astersql-tests-realtikvtest-importintotest4	split_file_test::test_split_file	binary_id(=astersql-tests-realtikvtest-importintotest4) & test(=split_file_test::test_split_file)	stable_failure	not_needed	stable_assertion_or_environment_failure	10	one_exact_test_per_failure_package
FAIL	0.143s	astersql-tests-realtikvtest-importintotest4	astersql-tests-realtikvtest-importintotest4::split_file_test	test_split_file	binary_id(=astersql-tests-realtikvtest-importintotest4::split_file_test) & test(=test_split_file)	stable_failure	not_needed	stable_assertion_or_environment_failure	10	one_exact_test_per_failure_package
TIMEOUT	10.024s	astersql-tests-realtikvtest-importintotest3	astersql-tests-realtikvtest-importintotest3::file_compression_test	test_corrupt_compressed_import_returns_error_without_rows	binary_id(=astersql-tests-realtikvtest-importintotest3::file_compression_test) & test(=test_corrupt_compressed_import_returns_error_without_rows)	default_serial_pass	not_needed	resource_contention_or_budget_boundary	10	one_exact_test_per_failure_package
TIMEOUT	10.007s	astersql-tests-realtikvtest-importintotest3	astersql-tests-realtikvtest-importintotest3::file_compression_test	test_gzip_and_mixed_compression	binary_id(=astersql-tests-realtikvtest-importintotest3::file_compression_test) & test(=test_gzip_and_mixed_compression)	default_serial_pass	not_needed	resource_contention_or_budget_boundary	10	one_exact_test_per_failure_package
TIMEOUT	10.007s	astersql-tests-realtikvtest-importintotest3	astersql-tests-realtikvtest-importintotest3::file_compression_test	test_snappy	binary_id(=astersql-tests-realtikvtest-importintotest3::file_compression_test) & test(=test_snappy)	default_serial_pass	not_needed	resource_contention_or_budget_boundary	10	one_exact_test_per_failure_package
TIMEOUT	10.006s	astersql-tests-realtikvtest-importintotest3	astersql-tests-realtikvtest-importintotest3::file_compression_test	test_zstd	binary_id(=astersql-tests-realtikvtest-importintotest3::file_compression_test) & test(=test_zstd)	default_serial_pass	not_needed	resource_contention_or_budget_boundary	10	one_exact_test_per_failure_package
TIMEOUT	10.107s	astersql-tests-realtikvtest-importintotest4	astersql-tests-realtikvtest-importintotest4	global_sort_test::test_global_sort_recorded_step_summary	binary_id(=astersql-tests-realtikvtest-importintotest4) & test(=global_sort_test::test_global_sort_recorded_step_summary)	stable_failure	not_needed	stable_assertion_or_environment_failure	10	one_exact_test_per_failure_package
TIMEOUT	10.061s	astersql-tests-realtikvtest-importintotest4	astersql-tests-realtikvtest-importintotest4::global_sort_test	test_global_sort_recorded_step_summary	binary_id(=astersql-tests-realtikvtest-importintotest4::global_sort_test) & test(=test_global_sort_recorded_step_summary)	stable_failure	not_needed	stable_assertion_or_environment_failure	10	one_exact_test_per_failure_package
TIMEOUT	10.018s	astersql-tests-realtikvtest-importintotest4	astersql-tests-realtikvtest-importintotest4::split_file_test	split_file_with_canonical_kv	binary_id(=astersql-tests-realtikvtest-importintotest4::split_file_test) & test(=split_file_with_canonical_kv)	stable_failure	not_needed	stable_assertion_or_environment_failure	10	one_exact_test_per_failure_package
TIMEOUT	10.008s	astersql-tests-realtikvtest-pessimistictest	astersql-tests-realtikvtest-pessimistictest::pessimistic_parity_test	for_share_promotion_matches_all_four_variable_combinations	binary_id(=astersql-tests-realtikvtest-pessimistictest::pessimistic_parity_test) & test(=for_share_promotion_matches_all_four_variable_combinations)	default_serial_pass	not_needed	resource_contention_or_budget_boundary	10	one_exact_test_per_failure_package
TIMEOUT	10.010s	astersql-tests-realtikvtest-pessimistictest	astersql-tests-realtikvtest-pessimistictest::pessimistic_test	test_for_share_with_promotion	binary_id(=astersql-tests-realtikvtest-pessimistictest::pessimistic_test) & test(=test_for_share_with_promotion)	default_serial_pass	not_needed	resource_contention_or_budget_boundary	10	one_exact_test_per_failure_package
TIMEOUT	10.006s	astersql-tests-realtikvtest-sessiontest	astersql-tests-realtikvtest-sessiontest::cross_ks_gc_test	cross_ks_runtime_gc_loop_started_by_system_domain	binary_id(=astersql-tests-realtikvtest-sessiontest::cross_ks_gc_test) & test(=cross_ks_runtime_gc_loop_started_by_system_domain)	default_serial_pass	not_needed	resource_contention_or_budget_boundary	10	one_exact_test_per_failure_package
TIMEOUT	10.013s	astersql-tests-realtikvtest-sessiontest	astersql-tests-realtikvtest-sessiontest::infoschema_test	test_next_gen_tikv_region_status_does_not_mix_other_keyspaces	binary_id(=astersql-tests-realtikvtest-sessiontest::infoschema_test) & test(=test_next_gen_tikv_region_status_does_not_mix_other_keyspaces)	default_serial_pass	not_needed	resource_contention_or_budget_boundary	10	one_exact_test_per_failure_package
TIMEOUT	10.065s	astersql-tests-realtikvtest-sessiontest	astersql-tests-realtikvtest-sessiontest::paging_test	test_index_reader_with_paging	binary_id(=astersql-tests-realtikvtest-sessiontest::paging_test) & test(=test_index_reader_with_paging)	default_serial_pass	not_needed	resource_contention_or_budget_boundary	10	one_exact_test_per_failure_package
TIMEOUT	10.009s	astersql-tests-realtikvtest-sessiontest	astersql-tests-realtikvtest-sessiontest::paging_test	test_paging_act_rows_and_process_keys	binary_id(=astersql-tests-realtikvtest-sessiontest::paging_test) & test(=test_paging_act_rows_and_process_keys)	default_serial_pass	not_needed	resource_contention_or_budget_boundary	10	one_exact_test_per_failure_package
TIMEOUT	10.057s	astersql-tests-realtikvtest-sessiontest	astersql-tests-realtikvtest-sessiontest::session_fail_test	test_get_ts_fail_dirty_state	binary_id(=astersql-tests-realtikvtest-sessiontest::session_fail_test) & test(=test_get_ts_fail_dirty_state)	default_serial_pass	not_needed	resource_contention_or_budget_boundary	10	one_exact_test_per_failure_package
TIMEOUT	10.010s	astersql-tests-realtikvtest-testutils	astersql-tests-realtikvtest-testutils	parity_test::compatibility_public_start_stop_methods_execute	binary_id(=astersql-tests-realtikvtest-testutils) & test(=parity_test::compatibility_public_start_stop_methods_execute)	default_serial_timeout	long_budget_pass	completes_in_10_to_60_seconds	10	one_exact_test_per_failure_package
TIMEOUT	10.010s	astersql-tests-realtikvtest-testutils	astersql-tests-realtikvtest-testutils	parity_test::go_rust_public_contract_matches	binary_id(=astersql-tests-realtikvtest-testutils) & test(=parity_test::go_rust_public_contract_matches)	default_serial_timeout	long_budget_pass	completes_in_10_to_60_seconds	10	one_exact_test_per_failure_package
TIMEOUT	10.007s	astersql-tests-realtikvtest-txntest	astersql-tests-realtikvtest-txntest::shared_lock_test	test_shared_lock_cascade_update_explicit_pessimistic_transaction	binary_id(=astersql-tests-realtikvtest-txntest::shared_lock_test) & test(=test_shared_lock_cascade_update_explicit_pessimistic_transaction)	default_serial_pass	not_needed	resource_contention_or_budget_boundary	10	one_exact_test_per_failure_package
TIMEOUT	10.021s	astersql-tests-realtikvtest-txntest	astersql-tests-realtikvtest-txntest::stale_read_test	TestStalePrepare	binary_id(=astersql-tests-realtikvtest-txntest::stale_read_test) & test(=TestStalePrepare)	default_serial_pass	not_needed	resource_contention_or_budget_boundary	10	one_exact_test_per_failure_package
TIMEOUT	10.016s	astersql-tests-realtikvtest-txntest	astersql-tests-realtikvtest-txntest::stale_read_test	TestStaleReadAllCombinations	binary_id(=astersql-tests-realtikvtest-txntest::stale_read_test) & test(=TestStaleReadAllCombinations)	default_serial_pass	not_needed	resource_contention_or_budget_boundary	10	one_exact_test_per_failure_package
TIMEOUT	10.018s	astersql-tests-realtikvtest-txntest	astersql-tests-realtikvtest-txntest::stale_read_test	TestStaleReadCompatibility	binary_id(=astersql-tests-realtikvtest-txntest::stale_read_test) & test(=TestStaleReadCompatibility)	default_serial_pass	not_needed	resource_contention_or_budget_boundary	10	one_exact_test_per_failure_package
TIMEOUT	10.005s	astersql-tests-realtikvtest-txntest	astersql-tests-realtikvtest-txntest::txn_state_test	test_mem_db_tracker	binary_id(=astersql-tests-realtikvtest-txntest::txn_state_test) & test(=test_mem_db_tracker)	default_serial_pass	not_needed	resource_contention_or_budget_boundary	10	one_exact_test_per_failure_package
TIMEOUT	10.003s	astersql-timer-runtime	astersql-timer-runtime	runtime_test::test_timer_runtime_loop_panic_recover	binary_id(=astersql-timer-runtime) & test(=runtime_test::test_timer_runtime_loop_panic_recover)	default_serial_timeout	long_budget_pass	completes_in_10_to_60_seconds	8	one_exact_test_per_failure_package
TIMEOUT	10.006s	astersql-util-profile	astersql-util-profile	profile_test::test_profiles	binary_id(=astersql-util-profile) & test(=profile_test::test_profiles)	default_serial_timeout	exceeds_60s	exceeds_60_seconds	8	one_exact_test_per_failure_package
TIMEOUT	10.006s	astersql-util-traceevent	astersql-util-traceevent	traceevent_test::test_suite	binary_id(=astersql-util-traceevent) & test(=traceevent_test::test_suite)	default_serial_timeout	long_budget_pass	completes_in_10_to_60_seconds	8	one_exact_test_per_failure_package
